rule_id,rule_name,layer,module,applicable_group,rule_type,main_signal,secondary_signal,required_conditions,excluded_conditions,self_strength_status,spouse_star_status,palace_signal,flow_path,signal_position,root_status,strength_level,favorability,transformation_status,distance_level,priority,score_effect,output_slot,internal_logic,user_explanation,forbidden_inference,confidence_base,validation_status,case_refs,notes,version
M2-SYNTH-001,M2-SYNTH｜模块核心定义,L7 总合成与报告引擎,模块基线,通用,基础,六模块结果,统一报告,GATE、CORE、SELF、FLOW、DUAL、TEMPO至少有三个模块产生可用结果；共享基础引擎状态可用。,所有关键模块均停止或命盘基础信息不可靠。,,,,,,,,,,,100,建立M2最终结果对象；不新增命理含义；provisional=true,module_definition,M2-SYNTH只负责把六个已完成模块合成为一份不重复、不越界、可追溯的关系选择报告。,不得在合成阶段新增原模块未支持的结论。,高,门控,待验证,,,V0.8
M2-SYNTH-002,模型边界｜只回答关系选择机制,L7 总合成与报告引擎,模块基线,通用,门控,关系选择,关系结果,准备生成M2最终报告。,,,,,,,,,,,,100,限制输出范围为准入门槛、资格证据、选择位置、确认路径、双重结构与确认节奏。,scope_guard,这份报告只解释你怎样决定是否让一个人真正进入关系，不判断对象好坏、关系结果或长期适配。,不得输出婚姻好坏、第三者、离婚、对象质量、正缘或适合类型。,门控,门控,待验证,,,V0.8
M2-SYNTH-003,六模块输入｜标准输入契约,L7 总合成与报告引擎,输入契约,通用,门控,GATE/CORE/SELF/FLOW/DUAL/TEMPO,模块状态,每个模块至少提供status、candidate、confidence、supporting_rule_ids和evidence_source_ids。,模块结果只有自然语言、没有结构化字段且无法还原来源。,,,,,,,,,,,99,不满足契约的模块标记partial；不得凭文字猜测结构字段。,input_contract,系统会保留每个结论来自哪个模块和哪条规则，避免只凭一段解释继续推断。,不得把缺少来源的自然语言当成高置信结构化证据。,门控,门控,待验证,,,V0.8
M2-SYNTH-004,共享基础引擎｜状态优先检查,L7 总合成与报告引擎,输入契约,通用,停止,共享基础引擎,十神与状态,共享基础引擎提供性别、日主、十神、透藏、根气、旺弱、合化与位置等基础状态。,基础排盘、十神映射或真合化判定存在错误或缺失。,,,,,,,,,,,100,input_status=stopped；停止所有依赖错误基础事实的M2输出。,input_status,如果基础命盘信息本身不可靠，系统会先停止结论，而不是用后续规则补一个看似完整的答案。,不得在基础事实不可靠时强行生成确定报告。,停止,门控,待验证,,,V0.8
M2-SYNTH-005,M1输入｜只作为比较接口,L7 总合成与报告引擎,输入契约,通用,门控,M1心动偏好,M2关系选择,M1结果可用时，可提供primary_attraction、secondary_bonus、confidence与维度映射。,M1缺失、低置信或尚未完成。,,,,,,,,,,,90,M1缺失不影响M2主体；仅attraction_selection_relation留空。,m1_interface_status,模型一只是用来比较“什么让你心动”和“什么让你真正进入关系”，不会参与模型二核心门槛计分。,不得用M1替代夫妻宫、夫妻星或M2各模块证据。,门控,门控,待验证,,,V0.8
M2-SYNTH-006,模块状态词典｜ready、partial、stopped、not_applicable,L7 总合成与报告引擎,输入契约,通用,基础,模块状态,统一路由,准备汇总六模块状态。,,,,,,,,,,,,95,统一module_status枚举；禁止自由文本造成路由不一致。,module_status,每个模块都会标记为可用、部分可用、停止或不适用，系统据此决定哪些字段能发布。,不得把不适用误写成低分，也不得把停止误写成没有这一特质。,高,门控,待验证,,,V0.8
M2-SYNTH-007,候选ID｜必须使用稳定编号,L7 总合成与报告引擎,输入契约,通用,门控,候选维度ID,显示标签,模块输出候选时同时提供稳定ID，如G01、A02、F05、U03、T02。,只有描述性文字、没有可比对的稳定ID。,,,,,,,,,,,94,缺少ID时仅作说明文本，不参与自动去重和比较。,candidate_id,系统用稳定编号识别同一类条件，避免“可靠”“责任感”“承诺清晰”被误当成三项不同标准。,不得仅凭相似词自动视为独立候选。,门控,门控,待验证,,,V0.8
M2-SYNTH-008,证据来源ID｜每个基础事实必须唯一,L7 总合成与报告引擎,证据契约,通用,门控,evidence_source_id,原始命理事实,进入任何评分或置信计算的证据都能追溯到唯一基础事实。,来源ID缺失或多个不同事实错误共用同一ID。,,,,,,,,,,,99,缺失来源的证据不计独立支持；写入dedup_log。,evidence_source_id,系统会记录每项判断来自哪个基础命理事实，避免同一信息被换几种说法重复加分。,不得把规则条数等同于独立证据条数。,门控,门控,待验证,,,V0.8
M2-SYNTH-009,证据组｜相关事实需要归为同源组,L7 总合成与报告引擎,证据契约,通用,基础,evidence_group_id,相关修正,同一十神、同一宫位主气及其透藏、根气、旺弱修正需归入同一证据组。,,,,,,,,,,,,97,建立evidence_group_id；相关修正共享同源封顶。,evidence_group_id,同一颗星的透干、有根、旺弱等状态会共同修饰一个判断，但不会被当成许多互不相关的证据。,不得把状态修正拆成多个独立事实抬高置信度。,高,门控,待验证,,,V0.8
M2-SYNTH-010,独立证据｜至少来自两个不同来源组,L7 总合成与报告引擎,证据契约,通用,门控,独立证据,高置信输出,拟把任一核心字段提升至高置信或锁定双核心。,支持证据全部来自同一基础事实或其派生规则。,,,,,,,,,,,98,不足两个独立来源组时，核心字段置信度上限=中。,evidence_independence,只有不同来源的信息相互印证，系统才会把结论写得更确定；同一信息的多种解释不会放大确定度。,不得用同源规则数量代替独立证据。,门控,门控,待验证,,,V0.8
M2-SYNTH-011,候选分值｜统一转换为0—100,L7 总合成与报告引擎,标准化,通用,基础,模块候选分,归一化,模块提供原始分值、置信等级或候选排序。,,,,,,,,,,,,92,生成normalized_score 0—100；保留原始分值与转换方法。,normalized_score,不同模块的分值会先换算到同一尺度，方便比较，但这些数字只是规则引擎参数，不是统计概率。,不得把归一化分值解释为准确率、成功率或发生概率。,中高,门控,待验证,,,V0.8
M2-SYNTH-012,置信等级｜统一数值映射,L7 总合成与报告引擎,标准化,通用,基础,高/中高/中/中低/低/停止,置信分,模块输出置信等级。,,,,,,,,,,,,92,高=90；中高=80；中=68；中低=55；低=40；停止=0；仅用于初始合成。,confidence_score,系统会把各模块的置信等级换算成统一内部刻度，再结合独立证据和冲突情况校正。,不得把内部置信分当成科学测量或统计验证结果。,中,门控,待验证,,,V0.8
M2-SYNTH-013,字段权威矩阵｜不同模块各司其职,L7 总合成与报告引擎,合成基线,通用,门控,输出字段,模块权威,准备为最终字段选择来源。,,,,,,,,,,,,99,按字段权威矩阵选主来源；低权威模块只能补充或佐证。,authority_matrix,每个模块只负责自己最擅长的问题：夫妻宫定门槛、夫妻星定证据、自我模块定选择位置、路径和节奏模块各自定顺序与速度。,不得让低权威模块覆盖其职责之外的高权威结论。,高,门控,待验证,,,V0.8
M2-SYNTH-014,最终输出数量｜限制核心信息密度,L7 总合成与报告引擎,合成基线,通用,门控,输出数量,用户可读性,内部存在多个候选。,,,,,,,,,,,,94,primary_gate最多1；secondary_gate最多1；proof_behaviors最多3；主路径1＋次路径1；主节奏1。,output_limit,最终报告只保留最关键的一到两项条件，不会把所有十神和规则堆成一长串。,不得为了显得完整而输出三个以上并列核心门槛。,门控,门控,待验证,,,V0.8
M2-SYNTH-015,停止字段｜不得用其他模块硬补,L7 总合成与报告引擎,停止规则,通用,停止,字段停止,低权威回填,某字段权威模块已明确stopped，且没有合法fallback条件。,仅因报告版式需要完整而准备补写。,,,,,,,,,,,100,该字段留空并说明stop_reason；整体结果可保持partial。,field_stop,某一部分证据不足时，系统会明确留白，而不是从别的模块借一个相似结论填满。,不得把缺失字段包装成确定结论。,停止,门控,待验证,,,V0.8
M2-SYNTH-016,原子规则｜不得直接逐条展示给用户,L7 总合成与报告引擎,报告边界,通用,门控,原子规则,用户报告,生成简版或专业版用户报告。,,,,,,,,,,,,88,原子规则仅进入basis和trace；用户正文必须经过合成与去重。,report_generation,你看到的是整合后的关系选择逻辑，而不是几十条互相重复的命理标签。,不得把所有命中规则原样拼接成用户报告。,门控,门控,待验证,,,V0.8
M2-SYNTH-017,版本状态｜统一标记暂定,L7 总合成与报告引擎,版本管理,通用,基础,V0.8,案例验证,当前知识库尚未完成大样本案例校准。,,,,,,,,,,,,95,provisional=true；validation_status=待验证。,provisional,当前版本是一套结构化、可测试的传统命理解释规则，仍需通过真实案例持续校准。,不得宣称已获得统计验证、临床验证或确定准确率。,高,门控,待验证,,,V0.8
M2-SYNTH-018,用户语言｜保持中性与可观察,L7 总合成与报告引擎,报告边界,通用,门控,中性语言,行为证据,生成任何用户可见文本。,,,,,,,,,,,,98,优先写可观察行为与条件；禁用贬损、诊断和宿命语言。,language_guard,报告会说明你通常重视什么、怎样确认，不会给你贴上“恋爱脑”“没主见”或“注定怎样”的标签。,不得使用人格羞辱、心理诊断或宿命化表达。,门控,门控,待验证,,,V0.8
M2-SYNTH-019,时间边界｜不输出具体日期与时长,L7 总合成与报告引擎,报告边界,通用,门控,确认节奏,日历时间,TEMPO结果进入最终报告。,,,,,,,,,,,,100,仅输出相对节奏和证据轮次；禁止换算天、周、月、年龄或年份。,calendar_guard,这里的快慢只表示确认方式，不代表固定几天、几个月，也不预测具体何时开始关系。,不得从原局推出具体恋爱、结婚日期或年龄。,门控,门控,待验证,,,V0.8
M2-SYNTH-020,结果边界｜进入关系不等于适配与结果,L7 总合成与报告引擎,报告边界,通用,门控,关系准入,适配与结果,准备发布最终报告。,,,,,,,,,,,,100,boundary_note必须保留；不输出M4/M5职责。,boundary_note,一个人通过你的关系门槛，只说明你更可能认真考虑，不代表对方一定适合你，也不代表关系结果一定良好。,不得由M2推出长期适配、婚姻稳定、对象品质或关系风险。,门控,门控,待验证,,,V0.8
M2-SYNTH-021,同源同维度｜合并为一项,L7 总合成与报告引擎,同源去重,通用,门控,相同evidence_source_id,相同G维度,两个或多个模块以同一基础事实支持同一准入维度。,,,,,,,,,,,,99,基础分只计一次；保留最直接解释；其他模块记录为corroboration。,deduplication,同一个条件在不同模块里被重复看见时，会合并成一项核心判断，不会因为出现次数多就写得更确定。,不得对同源同维度证据重复加分。,门控,门控,待验证,,,V0.8
M2-SYNTH-022,跨模块重复｜只增加说明不增加基础分,L7 总合成与报告引擎,同源去重,通用,门控,GATE/CORE/FLOW/DUAL/TEMPO,同源证据,同一evidence_source_id跨模块出现。,,,,,,,,,,,,98,base_weight只计一次；cross_module_support_bonus=0；保留trace。,deduplication,同一条命理信息可以帮助解释门槛、路径和节奏，但它仍然只是一条基础证据。,不得把跨模块命中数当成独立支持数。,门控,门控,待验证,,,V0.8
M2-SYNTH-023,同义词重复｜统一映射标准维度,L7 总合成与报告引擎,语义归一,通用,门控,同义描述,G维度词典,出现“可靠、负责、守约、承诺清晰”等语义高度重叠的候选。,它们分别有独立功能和独立来源。,,,,,,,,,,,96,映射到同一G维度；优先保留标准标签和最具体行为解释。,semantic_merge,系统会把意思相近的描述合并成更准确的一项，不会把同义词写成多个不同标准。,不得仅因措辞不同判断为双重门槛。,门控,门控,待验证,,,V0.8
M2-SYNTH-024,派生证据｜不能作为独立第二证据,L7 总合成与报告引擎,同源去重,通用,门控,派生规则,基础事实,规则B完全由规则A的结果计算得出，没有新增基础事实。,,,,,,,,,,,,98,B可用于路径或语言，不计independent_evidence_count。,evidence_independence,由同一结论继续推出来的说明，可以帮助理解，但不会被当成另一条独立依据。,不得用派生结论自我印证。,门控,门控,待验证,,,V0.8
M2-SYNTH-025,日支主气｜GATE与DUAL同源去重,L7 总合成与报告引擎,同源去重,通用,组合,日支主气,GATE/DUAL,GATE主门槛与DUAL主中气结构都引用同一日支主气。,,,,,,,,,,,,97,日支主气基础权重只计一次；DUAL仅决定主次关系。,deduplication,夫妻宫主气既决定核心门槛，也可能参与双层结构；系统会只计算一次，再用双层模块说明它和第二条件的关系。,不得把同一日支主气作为两条独立核心证据。,门控,门控,待验证,,,V0.8
M2-SYNTH-026,夫妻星入宫｜CORE与GATE同源去重,L7 总合成与报告引擎,同源去重,通用,组合,夫妻星入夫妻宫,CORE/GATE,同一夫妻星同时作为伴侣资格证据并落入日支同一藏干层级。,,,,,,,,,,,,99,保留GATE作为门槛、CORE作为行为证明；基础分去重，语义职责分开。,core_gate_merge,当同一个夫妻星同时进入夫妻宫时，系统会把它拆成“你需要什么”和“对方怎样证明”，而不是重复写两遍。,不得重复累计夫妻星入宫的基础强度。,高,门控,待验证,,,V0.8
M2-SYNTH-027,日支主中余气｜相关但不完全独立,L7 总合成与报告引擎,同源去重,通用,修正,日支藏干层级,证据相关性,主气、中气、余气来自同一日支。,,,,,,,,,,,,94,主气权重最高；中气可作第二层；余气仅弱候选；三者共享palace_group封顶。,evidence_correlation,夫妻宫里不同藏干可以形成层次，但它们来自同一个关系场域，系统会按主次处理，不会当成三套完全独立标准。,不得把主中余气简单视为三条等权证据。,中高,门控,待验证,,,V0.8
M2-SYNTH-028,同类十神重复｜跨柱相关证据封顶,L7 总合成与报告引擎,同源去重,通用,修正,同类夫妻星重复,不同柱位,同类夫妻星在多个柱位重复出现。,不同十神或不同宫位提供独立功能。,,,,,,,,,,,93,可增强显著度，但同类重复增强上限+8；独立证据数最多增加1。,repeat_cap,同一种伴侣资格信号反复出现，会让这项标准更显眼，但不会按出现几次就机械放大几倍。,不得把数量直接等于关系次数、对象数量或绝对重要性。,中,门控,待验证,,,V0.8
M2-SYNTH-029,真合化｜原证据停止并按化神重建,L7 总合成与报告引擎,同源去重,通用,路由,真合化,原十神性质,共享基础引擎可靠判定关键十神或宫位已真合化。,仅合而不化。,,,,,,,,,,,100,原source_id标记inactive；创建transformed_source_id；相关候选重算。,transformation_reroute,关键结构如果已经真正转化，系统会停止沿用原来的门槛含义，并按转化后的性质重新判断。,不得在真合化后继续叠加原十神结论。,停止,门控,待验证,,,V0.8
M2-SYNTH-030,合而不化｜保留原性质并记录牵引,L7 总合成与报告引擎,同源去重,通用,修正,合而不化,原十神性质,存在合，但不满足真合化条件。,,,,,,,,,,,,92,原证据继续有效；增加binding_note，不创建新独立证据。,transformation_status,只有牵引、没有真正转化时，原来的关系条件仍然有效，只是表达可能更容易受到另一项信号影响。,不得把普通相合自动当作性质消失。,中高,门控,待验证,,,V0.8
M2-SYNTH-031,基础十神无效｜所有派生规则同时失效,L7 总合成与报告引擎,输入校验,通用,停止,基础十神性质,派生候选,共享引擎判定原十神性质已失效、误判或被真合化。,,,,,,,,,,,,100,删除该source_id的所有派生候选；写入stop_reason。,source_invalidation,如果基础十神判断不再成立，所有建立在它上面的门槛、路径和节奏都会一起撤回。,不得保留建立在无效基础上的漂亮文案。,停止,门控,待验证,,,V0.8
M2-SYNTH-032,透藏修正｜不构成新的独立证据,L7 总合成与报告引擎,同源去重,通用,门控,透干/藏支,基础信号,透藏状态用于修正同一基础信号的显著度。,,,,,,,,,,,,96,只调整score/confidence/tempo_hint；不增加independent_evidence_count。,state_modifier,透干或藏支说明你多早意识到这项标准、它有多外显，但不会被当成另一项关系条件。,不得把透干与有根拆成两项独立门槛。,门控,门控,待验证,,,V0.8
M2-SYNTH-033,根气修正｜不构成新的独立证据,L7 总合成与报告引擎,同源去重,通用,门控,有根/无根,基础信号,根气状态用于修正稳定性。,,,,,,,,,,,,96,只调整stability/confidence；不增加独立来源。,state_modifier,有根或无根主要说明这项标准是否容易稳定发挥，不会凭空创造一个新的选择条件。,不得把根气当作另一类关系需求。,门控,门控,待验证,,,V0.8
M2-SYNTH-034,旺弱修正｜不构成新的独立证据,L7 总合成与报告引擎,同源去重,通用,门控,旺/中/弱,基础信号,旺弱用于修正强度与表达版本。,,,,,,,,,,,,96,只调整candidate_score和style；不增加独立来源。,state_modifier,旺弱只改变同一项标准有多突出，不会把一个条件变成多个条件。,不得按旺弱次数重复加分。,门控,门控,待验证,,,V0.8
M2-SYNTH-035,喜忌修正｜不决定有没有这项标准,L7 总合成与报告引擎,同源去重,通用,门控,喜忌,体验质量,喜忌被用于修正同一关系信号。,,,,,,,,,,,,95,只修正表达成熟度、压力感和置信；不新增G维度。,favorability_modifier,喜忌更多说明这项标准以怎样的版本被体验，不直接等于你喜欢或不喜欢某类人。,不得把喜神直接等于会选择、忌神直接等于不会选择。,门控,门控,待验证,,,V0.8
M2-SYNTH-036,位置远近｜只修正进入核心的概率,L7 总合成与报告引擎,同源去重,通用,门控,近位/远位,基础信号,位置与日主、日支远近被用于修正候选。,,,,,,,,,,,,94,只调整relevance和confidence；不增加独立证据。,distance_modifier,靠近关系核心的信号更容易参与实际选择，远位信号更像背景，但位置本身不是新的门槛。,不得把柱位远近直接当作现实时间顺序。,门控,门控,待验证,,,V0.8
M2-SYNTH-037,状态修正总封顶｜单一来源增强有上限,L7 总合成与报告引擎,同源去重,通用,门控,透藏根气旺弱喜忌位置,单一source_id,同一source_id命中多个增强规则。,,,,,,,,,,,,98,单一来源状态增强总和封顶+12；降低项可累计至-15。,modifier_cap,同一信号即使同时具备多项有利状态，也不会无限抬高权重；系统会设置增强上限。,不得用大量状态修正制造虚假高置信。,门控,门控,待验证,,,V0.8
M2-SYNTH-038,规则数量｜同一来源只计一个基础权重,L7 总合成与报告引擎,同源去重,通用,门控,命中规则数,基础事实数,一个基础事实命中多个原子规则。,,,,,,,,,,,,99,base_evidence_count按source_id计数，不按rule_id计数。,evidence_count,系统看的是有多少条独立基础信息，而不是一共命中了多少条规则。,不得把命中规则数量解释成结论强度。,门控,门控,待验证,,,V0.8
M2-SYNTH-039,同源跨维度｜允许派生但共享置信上限,L7 总合成与报告引擎,同源去重,通用,修正,同一source_id,两个G维度,同一基础事实合理映射到核心维度及一个派生维度。,,,,,,,,,,,,92,允许1主1派生；两维度共享基础权重；派生维度置信上限=中。,cross_dimension_source,同一信号有时能同时解释两个相近方面，系统会保留主含义和一个辅助含义，但不会把它们当成完全独立。,不得由单一来源锁定两个高置信核心门槛。,中,门控,待验证,,,V0.8
M2-SYNTH-040,模块内重复候选｜先合并再跨模块比较,L7 总合成与报告引擎,语义归一,通用,门控,同模块多候选,同一维度,同一模块输出多个映射到相同稳定ID的候选。,,,,,,,,,,,,96,保留最高分候选；合并supporting_rule_ids；不重复进入SYNTH。,candidate_merge,同一模块里相同意思的候选会先合并，避免进入总合成后再重复竞争。,不得让同维度候选占据主门槛和次门槛两个位置。,门控,门控,待验证,,,V0.8
M2-SYNTH-041,标准词典｜标签必须统一,L7 总合成与报告引擎,语义归一,通用,基础,显示标签,稳定ID,生成工作簿、JSON或报告。,,,,,,,,,,,,90,所有内部比较使用ID；显示层使用统一中文标签。,label_dictionary,系统会用固定词典保持每次报告的叫法一致，方便你查找和维护。,不得在同一版本中随意更换同一ID的核心含义。,高,门控,待验证,,,V0.8
M2-SYNTH-042,CORE与GATE同维度｜收敛为门槛＋证据,L7 总合成与报告引擎,同源去重,通用,组合,primary_gate,proof_needed,GATE与CORE映射到同一G维度。,二者基础性质不可靠或已真合化。,,,,,,,,,,,98,primary_gate取GATE；proof_needed取CORE；dual_status=U06；不双倍计分。,gate_proof_merge,当你的内在门槛和对方需要证明的内容完全一致时，系统会写成一个清楚的结构：你要确认什么，以及对方怎样做到。,不得把同一维度输出成两项并列标准。,高,门控,待验证,,,V0.8
M2-SYNTH-043,DUAL-U06｜强制单门槛输出,L7 总合成与报告引擎,同源去重,通用,路由,U06同义收敛,最终门槛,DUAL结果为U06。,,,,,,,,,,,,99,secondary_gate清空；保留merged_basis；双重状态=false。,dual_status,两项条件其实是同一件事时，最终报告只保留一个核心门槛。,不得在U06下继续写成双核心或双重标准。,门控,门控,待验证,,,V0.8
M2-SYNTH-044,DUAL-U02｜必须通过独立来源检查,L7 总合成与报告引擎,同源去重,通用,门控,U02双核心并行,独立证据,DUAL拟输出U02。,两个候选同源、同维度或一项低于最低阈值。,,,,,,,,,,,98,需K01维度独立＋K02来源独立；否则转U01/U06/U08。,dual_validation,只有两项条件解决不同问题、并且各有独立依据时，系统才会保留为双核心并行。,不得仅凭分值接近输出U02。,门控,门控,待验证,,,V0.8
M2-SYNTH-045,DUAL-U07｜需要真实案例升级,L7 总合成与报告引擎,同源去重,通用,门控,U07双核心必要,案例反馈,两项功能独立、分值接近且内部规则均强。,缺少真实经历显示任一缺失都会阻止确认。,,,,,,,,,,,99,无案例时necessity_level=重要候选；有重复案例后才可=高度必要。,necessity_level,系统可以先判断两项都重要，但只有真实经历反复证明少一项就会停止，才升级为真正的缺一不可。,不得在规则库初始阶段直接使用绝对必要语言。,门控,门控,待验证,,,V0.8
M2-SYNTH-046,FLOW同起终点｜合并路径版本,L7 总合成与报告引擎,同源去重,通用,组合,多条FLOW候选,相同起点与终点,两条路径起点、终点相同，只是桥梁描述粒度不同。,桥梁功能确实不同且有独立来源。,,,,,,,,,,,90,保留信息更完整、证据更强的一条；另一条进入basis。,flow_merge,两条确认路径如果本质上走向相同，系统会保留更完整的一条，不会重复描述。,不得把同一过程写成两条并行路径。,中高,门控,待验证,,,V0.8
M2-SYNTH-047,直接流与桥接流｜优先保留更可解释版本,L7 总合成与报告引擎,同源去重,通用,路由,直接路径,桥接路径,直接流和桥接流共享起点、终点；桥梁有可靠独立证据。,,,,,,,,,,,,88,主路径保留桥接版本；直接流作为摘要；若桥梁弱则反向。,flow_sequence,当中间验证步骤有可靠依据时，报告会把它写清楚；证据不足时则使用更简洁的直接路径。,不得凭复杂度偏好选择更长路径。,中,门控,待验证,,,V0.8
M2-SYNTH-048,TEMPO机制｜不能为同一路径增加独立分,L7 总合成与报告引擎,同源去重,通用,门控,FLOW路径,TEMPO机制,TEMPO机制由FLOW或DUAL结果派生。,TEMPO另有独立状态或轮次证据。,,,,,,,,,,,94,派生部分不计独立证据；只用于节奏解释。,tempo_dedup,确认路径可以帮助解释为什么快或慢，但同一条路径不会在节奏模块里再次变成独立证据。,不得用FLOW和由FLOW派生的TEMPO双重提高置信。,门控,门控,待验证,,,V0.8
M2-SYNTH-049,SELF证据｜日主印比同一结构分组去重,L7 总合成与报告引擎,同源去重,通用,组合,日主/印/比劫,自我支持,多个SELF规则来自同一自我支持结构。,确有不同基础事实。,,,,,,,,,,,91,按self_support_group封顶；只记录1个基础支持＋状态修正。,self_dedup,自我标准、表达和边界可能由同一组结构共同解释，系统会按证据组计算，不会把相近说明全部独立加分。,不得由同一自我支持结构制造多个独立支持。,中,门控,待验证,,,V0.8
M2-SYNTH-050,M1证据｜不参与M2核心评分,L7 总合成与报告引擎,同源去重,通用,门控,M1心动偏好,M2评分,M1与M2出现相同维度。,,,,,,,,,,,,100,M1只填attraction_selection_relation；不得增加primary_gate或overall_confidence。,m1_score_guard,即使心动偏好和选择标准一致，模型一也只是提供比较，不会替模型二增加核心证据。,不得用M1让M2结论升级为高置信。,门控,门控,待验证,,,V0.8
M2-SYNTH-051,案例反馈｜用于验证规则而非单次命盘加分,L7 总合成与报告引擎,验证管理,通用,门控,真实案例反馈,当前个案评分,案例库已有类似反馈。,该反馈就是当前用户明确提供的个人事实，可作为解释上下文。,,,,,,,,,,,88,更新validation_status、support_count和counterexample_count；不直接改变当前结构分。,case_validation,案例反馈用来校准整套规则，不会因为“别人也这样”就直接提高你这一次结果的分数。,不得把案例数量未经统计设计地当作准确率。,门控,门控,待验证,,,V0.8
M2-SYNTH-052,去重日志｜每次合成都必须可追溯,L7 总合成与报告引擎,同源去重,通用,输出,dedup_log,来源追踪,M2-SYNTH完成候选合并。,,,,,,,,,,,,95,记录被合并的候选、保留项、source_id、原因和受影响字段。,dedup_log,系统会记录哪些信息被合并、为什么合并，方便你以后检查规则是否重复。,不得静默删除证据而不保留追踪记录。,高,门控,待验证,,,V0.8
M2-SYNTH-053,主门槛权威｜GATE优先,L7 总合成与报告引擎,字段权威,通用,路由,primary_gate,M2-GATE,GATE提供可发布的primary_gate。,GATE已stopped或置信低于发布阈值。,,,,,,,,,,,99,primary_gate直接采用GATE；其他模块仅补充证据或双层关系。,primary_gate,你的核心关系门槛首先由夫妻宫模块确定，因为它负责回答“关系成立前必须满足什么”。,不得让CORE、FLOW或TEMPO覆盖可靠GATE主门槛。,高,门控,待验证,,,V0.8
M2-SYNTH-054,主门槛回退｜CORE仅在GATE不可用时补位,L7 总合成与报告引擎,字段权威,通用,路由,primary_gate,M2-CORE fallback,GATE为stopped/partial且无可用主门槛；CORE有高或中高置信独立候选。,CORE仅低置信或与基础状态冲突。,,,,,,,,,,,96,primary_gate取CORE映射维度；confidence上限=中；标记fallback=true。,primary_gate,夫妻宫信息不足时，系统可以暂时用伴侣资格证据推测你最看重什么，但会明确降低确定度。,不得把CORE回退结果写成与可靠GATE同等确定。,中,门控,待验证,,,V0.8
M2-SYNTH-055,主门槛禁用｜M1不能补位,L7 总合成与报告引擎,字段权威,通用,门控,primary_gate,M1心动偏好,GATE与CORE均不可用。,,,,,,,,,,,,100,primary_gate留空；不得使用M1补写。,primary_gate,即使知道什么让你心动，也不能据此代替你真正进入关系时的核心门槛。,不得把心动偏好当作关系准入标准。,门控,门控,待验证,,,V0.8
M2-SYNTH-056,次门槛权威｜DUAL优先决定是否保留,L7 总合成与报告引擎,字段权威,通用,路由,secondary_gate,M2-DUAL,DUAL结果为U01/U02/U03/U04/U05/U07，且第二维度通过独立性检查。,DUAL为U06/U08或第二候选未达阈值。,,,,,,,,,,,98,secondary_gate按DUAL主次/先后结构选择；最多1项。,secondary_gate,第二项条件是否真正值得写入，主要由双层模块判断，而不是看到两个分数就并列。,不得在DUAL否定双层结构后继续保留次门槛。,高,门控,待验证,,,V0.8
M2-SYNTH-057,资格证据权威｜CORE优先,L7 总合成与报告引擎,字段权威,通用,路由,proof_needed,M2-CORE,CORE提供可用伴侣资格证据。,CORE已stopped。,,,,,,,,,,,99,proof_needed采用CORE行为证据；GATE只补充门槛语境。,proof_needed,对方需要怎样证明自己，主要由夫妻星准入模块回答，最终会写成可观察的现实行为。,不得用抽象人格标签替代CORE行为证据。,高,门控,待验证,,,V0.8
M2-SYNTH-058,资格证据回退｜GATE现实证据补位,L7 总合成与报告引擎,字段权威,通用,路由,proof_needed,M2-GATE fallback,CORE不可用；GATE含明确现实证据字段。,GATE也低置信或只有抽象维度。,,,,,,,,,,,94,proof_needed取GATE证据；confidence上限=中。,proof_needed,夫妻星证据不足时，系统可以从夫妻宫门槛中提取最直接的现实验证方式，但会降低确定度。,不得在没有行为证据时自行编造证明清单。,中,门控,待验证,,,V0.8
M2-SYNTH-059,行为证据数量｜最多三项,L7 总合成与报告引擎,字段权威,通用,门控,proof_behaviors,用户输出,CORE或GATE产生多条行为证据。,,,,,,,,,,,,92,按相关性与可观察性排序，只保留2—3条；同义行为合并。,proof_needed,报告只保留最能说明问题的几项行为，例如持续守约、实际推进或稳定投入，不会列出过长清单。,不得把所有规则中的行为词逐条堆叠。,门控,门控,待验证,,,V0.8
M2-SYNTH-060,准入模式｜GATE与CORE共同命名,L7 总合成与报告引擎,字段权威,通用,组合,entry_pattern,GATE＋CORE,GATE提供门槛类型，CORE提供资格证据，两者至少一项中高置信。,两者均低置信或语义无法合并。,,,,,,,,,,,93,优先使用GATE的P类模式；CORE用于校正模式说明；无GATE时使用CORE候选并标记暂定。,entry_pattern,关系准入模式会同时说明你在看什么、对方要怎样证明，而不是只给一个空泛标签。,不得由单一弱信号锁定固定选择模式。,中高,门控,待验证,,,V0.8
M2-SYNTH-061,标准清晰度权威｜SELF优先,L7 总合成与报告引擎,字段权威,通用,路由,selection_clarity,M2-SELF,SELF输出C01—C04并达到可用阈值。,SELF已stopped。,,,,,,,,,,,98,selection_clarity采用SELF；DUAL可把C01校正为C02双层条件。,selection_clarity,你是否清楚自己的关系标准，主要看你能否内部确认、表达和执行，而不是只看门槛数量。,不得把两个候选自动等同于标准清楚。,高,门控,待验证,,,V0.8
M2-SYNTH-062,选择位置权威｜SELF独占,L7 总合成与报告引擎,字段权威,通用,路由,agency_pattern,M2-SELF,SELF输出A01—A04。,SELF已stopped或低于最低证据门槛。,,,,,,,,,,,100,agency_pattern只取SELF；其他模块不得覆盖，只能提供语境。,agency_pattern,你在关系选择中把判断权放在哪里，只由自我选择位置模块决定。,不得由夫妻星强弱、对方推进或节奏直接写成主动或被动。,高,门控,待验证,,,V0.8
M2-SYNTH-063,主确认路径权威｜FLOW独占,L7 总合成与报告引擎,字段权威,通用,路由,primary_path,M2-FLOW,FLOW输出F01—F12主路径。,FLOW已stopped。,,,,,,,,,,,100,primary_path取FLOW；DUAL只排序两条路径，不创建新路径。,primary_path,你通常先看什么、怎样验证、最后确认什么，主要由确认路径模块负责。,不得由柱位顺序或TEMPO快慢反推确认路径。,高,门控,待验证,,,V0.8
M2-SYNTH-064,次确认路径｜最多一条,L7 总合成与报告引擎,字段权威,通用,门控,secondary_path,FLOW/DUAL,FLOW存在第二路径且DUAL确认其独立或具有先后功能。,同源、同起终点或低置信。,,,,,,,,,,,94,secondary_path最多1；否则进入basis_summary。,secondary_path,只有第二条路径真正补充不同功能时才会保留，其他路径只作为依据。,不得输出三条以上并列确认路径。,门控,门控,待验证,,,V0.8
M2-SYNTH-065,双层关系权威｜DUAL独占,L7 总合成与报告引擎,字段权威,通用,路由,dual_relation,M2-DUAL,DUAL模块可用。,DUAL不适用或stopped。,,,,,,,,,,,100,dual_status、dual_relation、dual_sequence与necessity_level只取DUAL。,dual_relation,两项条件是主次、并行、先后还是同义收敛，由双层模块统一判断。,不得由GATE/CORE分差直接绕过DUAL输出双核心。,高,门控,待验证,,,V0.8
M2-SYNTH-066,必要性语言｜DUAL控制,L7 总合成与报告引擎,字段权威,通用,门控,necessity_level,M2-DUAL,准备使用“缺一不可”“必须同时满足”等强语言。,DUAL未达到U07且无真实案例支持。,,,,,,,,,,,100,默认写“两项都重要”；仅U07且案例验证后可升级。,necessity_level,报告会区分“都很重要”和“真正少一项就不会进入”，不会轻易使用绝对语言。,不得无案例直接写缺一不可。,门控,门控,待验证,,,V0.8
M2-SYNTH-067,主节奏权威｜TEMPO独占,L7 总合成与报告引擎,字段权威,通用,路由,entry_tempo,M2-TEMPO,TEMPO输出T01—T04。,TEMPO已stopped。,,,,,,,,,,,100,entry_tempo只取TEMPO；FLOW仅作为机制依据。,entry_tempo,你需要较少验证、观察后确认、慢热积累还是随情境变化，由节奏模块统一判断。,不得由某一门槛或单条路径直接替代TEMPO。,高,门控,待验证,,,V0.8
M2-SYNTH-068,证据轮次权威｜TEMPO独占,L7 总合成与报告引擎,字段权威,通用,路由,evidence_rounds,M2-TEMPO,TEMPO输出E01—E04。,,,,,,,,,,,,98,evidence_rounds采用TEMPO；禁止换算日历时间。,evidence_rounds,报告可以说明需要一组连续证据、两阶段复核或多轮积累，但不会换算具体多久。,不得把轮次解释成几周或几个月。,高,门控,待验证,,,V0.8
M2-SYNTH-069,外内差速权威｜TEMPO独占,L7 总合成与报告引擎,字段权威,通用,路由,external_internal_gap,M2-TEMPO,TEMPO输出Z01—Z04。,,,,,,,,,,,,98,external_internal_gap采用TEMPO；与SELF只做一致性检查。,external_internal_gap,系统会区分对方推进速度、你内心确认速度和正式关系速度，避免用一个“快慢”概括全部。,不得把外部先行写成被控制或没有主见。,高,门控,待验证,,,V0.8
M2-SYNTH-070,心动与选择关系｜SYNTH生成,L7 总合成与报告引擎,字段权威,通用,组合,attraction_selection_relation,M1＋M2,M1和M2均达到最低比较阈值。,任一模型低置信或缺失。,,,,,,,,,,,96,由维度映射生成一致、部分一致、明显不同或暂不比较。,attraction_selection_relation,系统会单独说明什么让你心动、什么让你真正进入关系，以及两者是否重合。,不得让该比较改变M2核心门槛分值。,中高,门控,待验证,,,V0.8
M2-SYNTH-071,依据摘要｜SYNTH选择最多三条,L7 总合成与报告引擎,字段权威,通用,输出,basis_summary,证据追踪,最终字段已选定。,,,,,,,,,,,,92,按权威、独立性和解释力选择2—3条基础证据；附rule_id但简版不显示。,basis_summary,专业解释会保留最关键的几条依据，既能追溯，又不会把所有规则全部展开。,不得只按分值大小选择同源证据。,中高,门控,待验证,,,V0.8
M2-SYNTH-072,总体置信｜SYNTH统一计算,L7 总合成与报告引擎,字段权威,通用,输出,overall_confidence,六模块,核心字段已计算各自置信分。,,,,,,,,,,,,98,按字段权重、覆盖度、独立证据、冲突和停止状态计算overall_confidence。,overall_confidence,最终置信度会综合各模块是否可靠、证据是否独立以及结论是否互相一致。,不得简单取六模块最高值或平均标签。,高,门控,待验证,,,V0.8
M2-SYNTH-073,边界说明｜SYNTH统一生成,L7 总合成与报告引擎,字段权威,通用,输出,boundary_note,停止与禁用规则,准备发布报告。,,,,,,,,,,,,100,至少包含“准入不等于适配/结果”；必要时加入低置信或日历边界。,boundary_note,报告会明确提醒：通过关系门槛不等于适合长期相处，也不代表结果一定怎样。,不得删除必要边界句以追求文案流畅。,门控,门控,待验证,,,V0.8
M2-SYNTH-074,停止原因｜SYNTH汇总,L7 总合成与报告引擎,字段权威,通用,输出,stop_reason,模块停止日志,任一关键字段停止或整体不可发布。,,,,,,,,,,,,99,合并具体停止原因；不使用含糊的“信息不足”掩盖错误类型。,stop_reason,如果某部分不能判断，系统会说明是基础信息不可靠、证据同源、信号过弱还是模块冲突。,不得静默省略关键停止原因。,高,门控,待验证,,,V0.8
M2-SYNTH-075,GATE停止｜主门槛字段路由,L7 总合成与报告引擎,停止路由,通用,路由,GATE stopped,CORE fallback,GATE停止。,,,,,,,,,,,,98,若CORE中高且独立则fallback；否则primary_gate为空；整体最多partial。,field_status,夫妻宫门槛无法判断时，系统只在有可靠伴侣资格证据时给出暂定主门槛，否则明确留白。,不得在GATE停止后仍标记主门槛高置信。,门控,门控,待验证,,,V0.8
M2-SYNTH-076,CORE停止｜资格证据字段路由,L7 总合成与报告引擎,停止路由,通用,路由,CORE stopped,GATE fallback,CORE停止。,,,,,,,,,,,,98,若GATE有具体行为证据则fallback；否则proof_needed为空。,field_status,夫妻星证据无法使用时，只能从可靠门槛中提取有限行为证据，不能自行补写。,不得在CORE停止后生成完整伴侣资格清单。,门控,门控,待验证,,,V0.8
M2-SYNTH-077,SELF停止｜选择位置留空,L7 总合成与报告引擎,停止路由,通用,停止,SELF stopped,agency_pattern,SELF停止或证据不足。,,,,,,,,,,,,100,agency_pattern与selection_clarity留空或标记暂不判断。,field_status,自我选择位置证据不足时，系统不会给你贴上主动、被动或情境化的固定标签。,不得由其他模块代替SELF判断自主度。,停止,门控,待验证,,,V0.8
M2-SYNTH-078,FLOW停止｜路径字段留空,L7 总合成与报告引擎,停止路由,通用,停止,FLOW stopped,confirmation_path,FLOW停止。,,,,,,,,,,,,100,primary_path、secondary_path、flow_sequence留空；TEMPO若可用只写证据节奏，不解释顺序。,field_status,确认路径无法判断时，系统不会根据节奏或柱位顺序补一条看似合理的过程。,不得从TEMPO反推FLOW。,停止,门控,待验证,,,V0.8
M2-SYNTH-079,DUAL不适用｜按单门槛发布,L7 总合成与报告引擎,停止路由,通用,路由,DUAL not_applicable,单门槛,只有一个独立候选，或第二候选未达阈值。,,,,,,,,,,,,94,dual_status=false；secondary_gate可为空；不降低整体置信。,dual_status,只有一项核心条件时，系统会直接按单门槛输出，不会为了完整硬凑第二项。,不得把不适用写成双重结构不稳定。,高,门控,待验证,,,V0.8
M2-SYNTH-080,TEMPO停止｜节奏字段留空,L7 总合成与报告引擎,停止路由,通用,停止,TEMPO stopped,entry_tempo,TEMPO停止。,,,,,,,,,,,,100,entry_tempo、evidence_rounds、external_internal_gap留空；其他M2字段仍可发布为partial。,field_status,节奏证据不足时，系统会保留门槛和选择方式，但不会猜测你确认得快还是慢。,不得用FLOW或夫妻星强弱硬补节奏。,停止,门控,待验证,,,V0.8
M2-SYNTH-081,低权威模块｜不得覆盖高权威字段,L7 总合成与报告引擎,字段权威,通用,门控,authority_rank,field_value,多个模块为同一字段提供不同候选。,高权威模块已停止且合法fallback成立。,,,,,,,,,,,100,优先保留最高权威可用结果；低权威只进入support或conflict_log。,authority_guard,当不同模块说法不同，系统会先看它们各自是否有权回答这个问题，而不是简单比较谁的分数更高。,不得用低权威高分覆盖高权威中分。,门控,门控,待验证,,,V0.8
M2-SYNTH-082,跨模块支持｜可以增强但不能改写职责,L7 总合成与报告引擎,字段权威,通用,修正,cross_support,field_authority,低权威模块与高权威字段同维度或互补。,,,,,,,,,,,,90,可增加support_bonus或丰富解释；不得改变字段主来源。,cross_support,其他模块可以让一个结论更有依据、解释更完整，但不会篡改该字段原本由谁负责。,不得把佐证模块标记成字段主来源。,中高,门控,待验证,,,V0.8
M2-SYNTH-083,字段来源｜每项必须保留provenance,L7 总合成与报告引擎,字段权威,通用,输出,provenance,rule_ids/source_ids,最终字段非空。,,,,,,,,,,,,98,写入source_module、supporting_rule_ids、evidence_source_ids、fallback与dedup状态。,provenance,每项最终结论都可以追溯到具体模块、规则和基础证据，方便检查和后续修改。,不得发布无来源字段。,高,门控,待验证,,,V0.8
M2-SYNTH-084,稳定ID与显示标签｜双层输出,L7 总合成与报告引擎,字段权威,通用,基础,field_id,display_label,生成JSON、Excel和用户文案。,,,,,,,,,,,,90,内部使用稳定ID；用户使用中文标签；版本升级时ID含义不可静默改变。,output_contract,系统内部用编号保持一致，用户报告用自然中文表达，两者会同步保存。,不得只保存中文句子而丢失结构化ID。,高,门控,待验证,,,V0.8
M2-SYNTH-085,GATE与CORE同维度｜门槛与证明收敛,L7 总合成与报告引擎,跨模块合成,通用,组合,GATE主门槛,CORE资格证据,GATE.primary_gate与CORE.proof_needed映射同一G维度，且基础性质均有效。,,,,,,,,,,,,98,保留单一primary_gate；CORE行为填proof_needed；dual_relation=U06；同源时不加独立分。,gate_core_relation,你需要确认的核心条件，正好也是对方必须用行动证明的内容，因此这项标准会表现得比较集中。,不得写成两项并列核心标准。,高,门控,待验证,,,V0.8
M2-SYNTH-086,GATE与CORE互补｜门槛与证据分工,L7 总合成与报告引擎,跨模块合成,通用,组合,不同G维度,功能互补,GATE与CORE维度不同，分别回答关系体验与伴侣资格，且无语义冲突。,,,,,,,,,,,,94,GATE保留primary_gate；CORE填proof_needed；DUAL判断U01/U03/U04；可保留secondary_gate。,gate_core_relation,你内心真正需要的关系体验，和对方必须拿出的现实证明不完全相同：一项决定你要什么，另一项决定这个人能不能通过。,不得把维度不同直接写成矛盾或感情复杂。,中高,门控,待验证,,,V0.8
M2-SYNTH-087,GATE强、CORE弱｜门槛清楚但证明方式暂定,L7 总合成与报告引擎,跨模块合成,通用,路由,GATE高置信,CORE低置信,GATE达到核心阈值；CORE仅弱候选或部分停止。,,,,,,,,,,,,92,primary_gate正常发布；proof_needed仅保留GATE现实证据或留空；overall_confidence上限=中高。,gate_core_relation,你对关系必须满足什么较清楚，但对方具体要用哪一种方式证明，当前证据没有同样明确。,不得把弱CORE写成完整资格证据。,中,门控,待验证,,,V0.8
M2-SYNTH-088,CORE强、GATE弱｜资格证据清楚但内在门槛回退,L7 总合成与报告引擎,跨模块合成,通用,路由,CORE高置信,GATE低置信,CORE高或中高；GATE无可用主门槛。,,,,,,,,,,,,92,CORE维度暂代primary_gate；fallback=true；confidence上限=中。,gate_core_relation,你较容易识别什么行为能让一个人进入认真考虑范围，但这是否就是你最核心的关系体验，当前仍需保留余地。,不得把回退门槛写成高置信内在需求。,中,门控,待验证,,,V0.8
M2-SYNTH-089,GATE与CORE都弱｜停止核心报告,L7 总合成与报告引擎,跨模块合成,通用,停止,GATE低/停止,CORE低/停止,GATE与CORE均低于发布阈值，且无独立辅助证据。,,,,,,,,,,,,100,primary_gate和proof_needed为空；report_status=stopped或partial_no_core。,core_stop,目前缺少足够证据说明什么会真正让你接受一段关系，系统会停止核心判断。,不得用SELF、FLOW、M1或TEMPO补写核心门槛。,停止,门控,待验证,,,V0.8
M2-SYNTH-090,U01主次分层｜主门槛加第二道检查,L7 总合成与报告引擎,跨模块合成,通用,组合,DUAL U01,primary/secondary,DUAL=U01且两维度独立；主项达到核心阈值，次项达到辅助阈值。,,,,,,,,,,,,96,输出1主1次；次项文案使用“也会影响/第二道检查”，不使用“缺一不可”。,dual_relation,你有一项更稳定的核心条件，另一项像加分或第二道检查；它重要，但未必每次都具有同等决定力。,不得把U01写成两个同等核心。,高,门控,待验证,,,V0.8
M2-SYNTH-091,U02双核心并行｜同时观察不同问题,L7 总合成与报告引擎,跨模块合成,通用,组合,DUAL U02,两项独立核心,DUAL=U02；K01/K02通过；两项分差小且各有独立证据。,,,,,,,,,,,,96,输出primary_gate＋secondary_gate；dual_sequence=并行；necessity_level=两项重要。,dual_relation,你通常会同时观察两类不同条件，它们分别解决不同问题，因此不能简单用一项代替另一项。,不得默认少一项就绝对不会进入。,高,门控,待验证,,,V0.8
M2-SYNTH-092,U03双层先后｜按FLOW确定顺序,L7 总合成与报告引擎,跨模块合成,通用,组合,DUAL U03,FLOW sequence,DUAL=U03；FLOW提供可靠先后或桥接结构。,,,,,,,,,,,,97,输出first_gate、second_gate和sequence_explanation；先后不改变主次分值。,dual_sequence,你往往先通过第一项条件让关系进入评估，再用第二项完成复核；先出现的不一定比后出现的更重要。,不得把确认先后误写成现实时间固定或重要性排序。,高,门控,待验证,,,V0.8
M2-SYNTH-093,U04往返验证｜条件互相校准,L7 总合成与报告引擎,跨模块合成,通用,组合,DUAL U04,FLOW闭环,DUAL=U04；FLOW显示双向往返或闭环；两项均有效。,,,,,,,,,,,,95,dual_sequence=往返；报告说明反复校准；TEMPO决定轮次。,dual_sequence,你可能会在两项条件之间反复校准：看到一种表现后回到自己的标准，再观察对方后续是否继续兑现。,不得把往返写成犹豫不决或情绪反复。,中高,门控,待验证,,,V0.8
M2-SYNTH-094,U05情境切换｜明确加快与放慢条件,L7 总合成与报告引擎,跨模块合成,通用,组合,DUAL U05,情境条件,DUAL=U05；不同对象/阶段有可靠条件改变优先项。,只有冲突、没有可解释触发条件。,,,,,,,,,,,92,输出context_switch_conditions；selection_clarity倾向C03；tempo可T04。,dual_relation,不同对象或现实阶段，可能让你先使用不同标准；报告会写清楚什么情况更看重哪一项。,不得只写“看情况”或“反复无常”。,中,门控,待验证,,,V0.8
M2-SYNTH-095,U06同义收敛｜删除次门槛,L7 总合成与报告引擎,跨模块合成,通用,路由,DUAL U06,同义候选,DUAL=U06。,,,,,,,,,,,,100,secondary_gate=null；dual_status=false；保留merged_terms供basis。,dual_relation,两项说法实际指向同一个核心条件，系统会合并成一句更清楚的话。,不得在U06下保留双门槛标题。,高,门控,待验证,,,V0.8
M2-SYNTH-096,U08未决｜只保留候选不发布双层,L7 总合成与报告引擎,跨模块合成,通用,降级,DUAL U08,低置信/冲突,DUAL=U08或关键独立性未通过。,,,,,,,,,,,,98,dual_status=undetermined；secondary_gate不进入简版；专业版说明候选与不确定原因。,dual_relation,目前能看到第二项可能重要，但证据不足以确定它是加分、先后步骤还是独立核心。,不得把未决候选包装成确定双重标准。,低,门控,待验证,,,V0.8
M2-SYNTH-097,A01主动筛选｜与门槛合成,L7 总合成与报告引擎,跨模块合成,通用,组合,SELF A01,GATE/CORE,SELF=A01且primary_gate可用。,,,,,,,,,,,,90,agency_sentence=先用自身条件评估；不得暗示一定拒绝或进入快。,agency_pattern,你通常先用自己的关系条件评估对方，再决定是否接受推进；这说明判断权较集中在你自己手里。,不得写成强势、挑剔或一定慢热。,中高,门控,待验证,,,V0.8
M2-SYNTH-098,A02双向确认｜与路径合成,L7 总合成与报告引擎,跨模块合成,通用,组合,SELF A02,FLOW,SELF=A02且FLOW有往返或双方证据参与。,,,,,,,,,,,,92,agency_sentence=双方回应和协商共同完成确认；可强化D03/F11。,agency_pattern,你更像在双方持续回应、协商和兑现中完成决定，而不是只按预设或只跟着对方走。,不得写成没有标准或左右摇摆。,中高,门控,待验证,,,V0.8
M2-SYNTH-099,A03易受对方节奏推动｜保持中性,L7 总合成与报告引擎,跨模块合成,通用,组合,SELF A03,外部推进,SELF=A03且至少两类独立证据成立。,,,,,,,,,,,,94,agency_sentence=外部信号较早参与决定；必须同时保留内部复核和边界句。,agency_pattern,当对方给出明确、持续的关系信号时，关系可能较早进入你的评估，你随后再逐步复核自己的标准。,不得写成没主见、恋爱脑、依赖或容易被控制。,中高,门控,待验证,,,V0.8
M2-SYNTH-100,A04情境化选择｜禁止固定人格化,L7 总合成与报告引擎,跨模块合成,通用,组合,SELF A04,情境差异,SELF=A04。,,,,,,,,,,,,92,agency_sentence=选择方式随对象/阶段变化；必须列出可靠触发条件或说明证据弱。,agency_pattern,不同对象和现实阶段可能让你使用不同的选择方式，当前不适合把你固定成一种主动或被动模式。,不得写成反复无常或没有原则。,中,门控,待验证,,,V0.8
M2-SYNTH-101,SELF与FLOW一致｜增加解释一致度,L7 总合成与报告引擎,跨模块合成,通用,增强,agency_pattern,direction_mode,SELF和FLOW在自主方向上语义一致，且来自至少一个独立来源。,完全同源。,,,,,,,,,,,88,consistency_bonus +5；不改变字段权威。,cross_consistency,你的选择位置和确认路径指向同一种决策方式，因此最终说明会更连贯。,不得把语义一致直接升级为高置信，仍需独立证据。,中高,门控,待验证,,,V0.8
M2-SYNTH-102,SELF与FLOW张力｜优先路由往返或降置信,L7 总合成与报告引擎,冲突路由,通用,组合,agency_pattern,direction_mode,SELF与FLOW给出方向相反的高置信候选。,可由阶段差异解释。,,,,,,,,,,,96,先检查D03往返/Z差速；可解释则保留阶段分工；不可解释则conflict_penalty -12并降置信。,conflict_log,你可能在不同阶段使用不同方式：例如先受对方行动触发，再回到自己的标准复核；若无法解释，系统会降低确定度。,不得简单选分数更高的一边并删除另一边。,门控,门控,待验证,,,V0.8
M2-SYNTH-103,FLOW直接、TEMPO较快｜条件性一致,L7 总合成与报告引擎,跨模块合成,通用,组合,直接路径,T01,FLOW为直接或短路径；TEMPO=T01；关键证据可同步持续出现。,只有单次表现。,,,,,,,,,,,88,生成“路径短＋证据充分时较快确认”；不省略持续性门槛。,tempo_explanation,当关键表现能够清楚、连续地命中核心条件时，你可能用较少环节完成确认。,不得把直接路径写成一次行为即可确认。,中高,门控,待验证,,,V0.8
M2-SYNTH-104,FLOW直接、TEMPO较慢｜不是冲突,L7 总合成与报告引擎,跨模块合成,通用,组合,直接路径,T02/T03,FLOW路径清楚但关键门槛要求重复、跨情境或持续验证。,,,,,,,,,,,,91,保留“顺序清楚、证据积累较长”；不记冲突罚分。,tempo_explanation,你可能很清楚自己先看什么，但仍需要它持续成立；路径明确不等于确认一定快。,不得因FLOW直接强行改为T01。,高,门控,待验证,,,V0.8
M2-SYNTH-105,FLOW积累、TEMPO慢热｜形成稳定解释,L7 总合成与报告引擎,跨模块合成,通用,增强,F10/闭环/多轮,T03,FLOW显示熟悉积累、重复验证或闭环；TEMPO=T03。,完全同源且无其他状态证据。,,,,,,,,,,,89,consistency_bonus +5（独立时）；生成积累机制。,tempo_explanation,你的确定感更容易在重复接触和跨情境一致中形成，这与慢热积累的节奏相互印证。,不得推断一定从朋友发展或一定需要很久。,中高,门控,待验证,,,V0.8
M2-SYNTH-106,FLOW多路径、TEMPO状态不定｜写清情境条件,L7 总合成与报告引擎,跨模块合成,通用,组合,F12/多路径,T04,FLOW=F12或多路径并列；TEMPO=T04。,,,,,,,,,,,,90,输出acceleration_condition和deceleration_condition；不只写“状态不定”。,tempo_explanation,不同对象或阶段会改变你的确认入口；当关键证据能同步出现时会加快，需要分步验证时会放慢。,不得写成感情复杂或反复无常。,中,门控,待验证,,,V0.8
M2-SYNTH-107,外部快、内部慢｜Z02差速合成,L7 总合成与报告引擎,跨模块合成,通用,组合,对方推进快,内部复核慢,TEMPO=Z02或CORE外显＋SELF/FLOW要求复核。,,,,,,,,,,,,93,分开写evaluation_entry_speed与internal_confirmation_speed；agency不被覆盖。,external_internal_gap,对方的行动可能让关系很快进入你的评估，但你内心仍需要观察和复核，两种速度可以同时存在。,不得把关系进入评估写成用户已经接受。,高,门控,待验证,,,V0.8
M2-SYNTH-108,内部快、正式进入慢｜Z03差速合成,L7 总合成与报告引擎,跨模块合成,通用,组合,内部确认较快,现实/双方条件,用户内部标准清楚并已确认；正式关系受双方表态或现实安排影响。,,,,,,,,,,,,90,formal_entry_speed单独说明；不把外部条件写成用户犹豫。,external_internal_gap,你可能已经知道自己愿不愿意，但正式进入仍需要双方表态和现实条件配合。,不得把正式进入较慢解释为内心不确定。,中高,门控,待验证,,,V0.8
M2-SYNTH-109,双重门槛｜不自动判慢,L7 总合成与报告引擎,跨模块合成,通用,门控,DUAL有效,TEMPO,存在U01/U02/U03/U04/U07。,,,,,,,,,,,,98,TEMPO仍由证据能否同步出现、是否需重复验证决定；不得自动T03。,tempo_guard,两项条件都重要，不代表一定慢；如果同一组持续行为能够同时证明两项，确认过程仍可能较短。,不得由门槛数量直接推断速度。,门控,门控,待验证,,,V0.8
M2-SYNTH-110,单一门槛｜不自动判快,L7 总合成与报告引擎,跨模块合成,通用,门控,单门槛,TEMPO,dual_status=false。,,,,,,,,,,,,98,若门槛要求稳定、熟悉或多轮证据，仍可T02/T03。,tempo_guard,只有一项核心条件，也可能需要长时间稳定验证，因此不能自动写成较快确认。,不得由单门槛直接判T01。,门控,门控,待验证,,,V0.8
M2-SYNTH-111,真合化跨模块｜所有相关字段统一重算,L7 总合成与报告引擎,冲突路由,通用,路由,transformed_source_id,六模块,关键基础事实真合化，至少两个模块仍引用原source_id。,,,,,,,,,,,,100,撤回原候选；按化神重新运行受影响模块；SYNTH不得局部修补。,transformation_reroute,一旦关键性质真正转化，相关门槛、路径和节奏都会统一重算，不会只改一处。,不得同时保留原性质和化后性质的最终字段。,停止,门控,待验证,,,V0.8
M2-SYNTH-112,三项以上门槛候选｜压缩为一主一次,L7 总合成与报告引擎,跨模块合成,通用,门控,3+ gate candidates,输出限制,内部有三个或更多独立维度达到候选阈值。,,,,,,,,,,,,97,按权威、分值、独立性和DUAL功能选择最多2项；其余进入basis或discard_log。,output_limit,即使内部识别出多项标准，最终也只保留最能解释实际选择的一主一次，避免报告失去重点。,不得输出三核心、四核心等无可读性结构。,门控,门控,待验证,,,V0.8
M2-SYNTH-113,高置信冲突未解决｜整体置信封顶,L7 总合成与报告引擎,冲突路由,通用,降级,两个高权威高置信结果,同一字段冲突,同一字段存在两个不可同时成立的高置信候选，且无法用阶段、主次、去重或合化解释。,,,,,,,,,,,,100,记录conflict_log；该字段confidence上限=中低；overall_confidence上限=中。,conflict_cap,如果两个可靠模块对同一个问题给出无法兼容的答案，系统会明确降低确定度，而不是强行选择一个。,不得静默覆盖冲突或取平均后假装一致。,低,门控,待验证,,,V0.8
M2-SYNTH-114,无可发布核心｜停止生成完整叙事,L7 总合成与报告引擎,冲突路由,通用,停止,primary_gate/proof_needed,发布门槛,primary_gate与proof_needed均为空或低于最低阈值。,,,,,,,,,,,,100,report_status=stopped；只输出stop_reason和边界，不生成完整人格化报告。,report_status,缺少核心门槛和资格证据时，系统不会用路径、节奏或心动偏好拼成一份看似完整的关系报告。,不得在核心字段缺失时发布确定叙事。,停止,门控,待验证,,,V0.8
M2-SYNTH-115,置信映射｜等级转内部基础分,L7 总合成与报告引擎,置信计算,通用,基础,confidence_base,numeric_score,模块提供高、中高、中、中低、低、停止。,,,,,,,,,,,,92,高90；中高80；中68；中低55；低40；停止0。,confidence_score,置信等级会先转换为统一内部分值，随后再根据证据独立性和冲突情况校正。,不得把内部数值当作统计概率。,中,门控,待验证,,,V0.8
M2-SYNTH-116,字段分值｜权威系数加权,L7 总合成与报告引擎,置信计算,通用,基础,field_authority,candidate_score,多个模块为同一字段提供候选。,,,,,,,,,,,,94,field_score=主来源基础分×权威系数＋独立支持－罚分；封顶100。,field_score,最终字段不是简单取最高分，而是优先看负责该问题的模块，再看其他独立证据是否支持。,不得只按候选原始分排序。,中高,门控,待验证,,,V0.8
M2-SYNTH-117,独立支持｜一条独立佐证加分,L7 总合成与报告引擎,置信计算,通用,增强,独立source_group,同维度/互补支持,字段主来源之外有一组独立基础证据支持同一结论。,该证据同源或完全派生。,,,,,,,,,,,90,support_bonus +6；单字段独立支持总加分封顶+10。,field_score,另一条独立信息指向同一结论时，系统会适度提高确定度。,不得对同源重复证据加支持分。,中高,门控,待验证,,,V0.8
M2-SYNTH-118,多重独立支持｜两组以上封顶,L7 总合成与报告引擎,置信计算,通用,增强,2+独立source_group,同一字段,字段有两组或更多独立支持。,,,,,,,,,,,,90,support_bonus总计+10；不因更多来源无限增加。,field_score,多项独立信息相互印证会增强结论，但系统会设置上限，避免证据数量过多造成虚假确定。,不得把支持数量线性换算为准确率。,中高,门控,待验证,,,V0.8
M2-SYNTH-119,同源支持｜零加分但保留解释,L7 总合成与报告引擎,置信计算,通用,门控,同一source_group,cross-module support,其他模块的支持来自相同证据组。,,,,,,,,,,,,96,support_bonus=0；写入corroboration_only=true。,field_score,同一信息在多个模块中出现可以让解释更完整，但不会提高独立置信度。,不得把跨模块重复当成独立印证。,门控,门控,待验证,,,V0.8
M2-SYNTH-120,已解决分歧｜轻微罚分,L7 总合成与报告引擎,置信计算,通用,修正,resolved_conflict,authority/阶段路由,两个候选一度不同，但已通过字段权威、阶段分工或主次结构解释。,,,,,,,,,,,,86,conflict_penalty -5；若只是互补而非冲突则不罚。,field_score,不同模块侧重点不同时，只要能清楚分工，结论仍可保留，但系统会对残余不确定性做轻微调整。,不得把所有维度差异都记为冲突。,中,门控,待验证,,,V0.8
M2-SYNTH-121,未解决冲突｜显著罚分,L7 总合成与报告引擎,置信计算,通用,降级,unresolved_conflict,同一字段,同一字段有不可兼容高置信候选，无法路由。,,,,,,,,,,,,98,conflict_penalty -12；两个高置信时-18；字段上限=中低。,field_score,无法解释的冲突会明显降低确定度，并在专业版中说明冲突来源。,不得通过平均分掩盖不可兼容结论。,低,门控,待验证,,,V0.8
M2-SYNTH-122,权威模块缺失｜相关字段缺失罚分,L7 总合成与报告引擎,置信计算,通用,降级,missing_authority_module,field,字段权威模块partial/stopped，使用合法fallback。,,,,,,,,,,,,92,missing_penalty -8；字段置信上限=中。,field_score,使用回退模块补位时，系统会保留结果，但会明确降低确定度。,不得让fallback字段达到高置信。,中,门控,待验证,,,V0.8
M2-SYNTH-123,模块停止｜该字段计零或留空,L7 总合成与报告引擎,置信计算,通用,停止,module stopped,field,权威模块停止且无合法fallback。,,,,,,,,,,,,100,field_score=0；字段不发布。,field_score,没有可靠依据的字段会留空，不会因为其他部分很完整就被带着发布。,不得把整体高分分摊到停止字段。,停止,门控,待验证,,,V0.8
M2-SYNTH-124,主门槛发布阈值｜最低65,L7 总合成与报告引擎,置信计算,通用,门控,primary_gate score,publish,primary_gate field_score已计算。,,,,,,,,,,,,95,≥65可发布；55—64仅专业版候选；<55留空。,publishability,核心门槛只有达到足够证据强度才进入用户正文，较弱候选只保留在专业说明中。,不得把低于阈值的候选写成核心结论。,门控,门控,待验证,,,V0.8
M2-SYNTH-125,资格证据发布阈值｜最低60,L7 总合成与报告引擎,置信计算,通用,门控,proof_needed score,publish,proof_needed field_score已计算。,,,,,,,,,,,,95,≥60可发布；50—59仅候选；<50留空。,publishability,对方需要怎样证明自己，必须有足够明确的行为依据才会写入报告。,不得用抽象形容词代替未达阈值的行为证据。,门控,门控,待验证,,,V0.8
M2-SYNTH-126,选择位置发布阈值｜最低60且双证据,L7 总合成与报告引擎,置信计算,通用,门控,agency_pattern score,publish,SELF候选已计算。,,,,,,,,,,,,96,≥60且至少两个独立证据组才发布；否则暂不判断。,publishability,主动筛选、双向确认等选择位置，只有在多类证据相互支持时才会写得明确。,不得由单一身强身弱或单一夫妻星锁定agency。,门控,门控,待验证,,,V0.8
M2-SYNTH-127,确认路径发布阈值｜最低60且结构完整,L7 总合成与报告引擎,置信计算,通用,门控,primary_path score,start-bridge-end,FLOW候选有起点、终点，桥梁可为空但逻辑完整。,,,,,,,,,,,,95,≥60且至少双证据发布；否则只保留路径提示。,publishability,确认路径必须能说明先看什么、怎样验证、最后确认什么，不能只靠一个十神标签。,不得发布结构不完整的路径叙事。,门控,门控,待验证,,,V0.8
M2-SYNTH-128,双层结构发布阈值｜独立性优先,L7 总合成与报告引擎,置信计算,通用,门控,dual_relation score,K01/K02,DUAL候选已计算。,,,,,,,,,,,,97,分值达标且维度/来源独立才能发布；否则U06/U08或单门槛。,publishability,双层结构是否成立，首先看两项是不是独立问题，而不是只看分数高低。,不得用高分跳过独立性检查。,门控,门控,待验证,,,V0.8
M2-SYNTH-129,节奏发布阈值｜最低60且有机制,L7 总合成与报告引擎,置信计算,通用,门控,tempo_class score,tempo_mechanism,TEMPO候选含节奏类型和至少一项形成机制。,,,,,,,,,,,,95,≥60可发布；无机制即使分高也降为候选。,publishability,快慢结论必须能解释为什么需要较少、两阶段或多轮证据，不能只给一个速度标签。,不得由强弱或单门槛数量直接发布节奏。,门控,门控,待验证,,,V0.8
M2-SYNTH-130,总体置信公式｜六字段加权,L7 总合成与报告引擎,置信计算,通用,基础,field_confidences,overall,主要字段分值已计算。,,,,,,,,,,,,94,overall=门槛25%＋证据20%＋选择位置15%＋路径15%＋双层10%＋节奏15%。,overall_score,总体置信会综合核心门槛、资格证据、选择方式、路径、双层结构和节奏，而不是只看某一项。,不得将总体置信解释为现实成功概率。,中高,门控,待验证,,,V0.8
M2-SYNTH-131,DUAL不适用｜权重重新分配,L7 总合成与报告引擎,置信计算,通用,修正,dual not_applicable,overall,DUAL因只有单门槛而not_applicable，而不是证据不足。,,,,,,,,,,,,90,DUAL的10%平均转给primary_gate与proof_needed各5%；不作缺失罚分。,overall_score,只有一项核心门槛并不是信息缺失，因此双层模块不适用时不会无故降低总体置信。,不得把单门槛当作模型不完整。,中高,门控,待验证,,,V0.8
M2-SYNTH-132,高置信区间｜90—100,L7 总合成与报告引擎,置信计算,通用,输出,overall_score,高,overall_score≥90；主门槛和资格证据均≥78；无未解决冲突；至少4模块ready。,,,,,,,,,,,,95,overall_confidence=高。,overall_confidence,多项独立证据相互支持、核心字段清楚且没有关键冲突时，结果可标记为高置信。,不得在provisional版本中宣称统计准确。,高,门控,待验证,,,V0.8
M2-SYNTH-133,中高置信区间｜78—89,L7 总合成与报告引擎,置信计算,通用,输出,overall_score,中高,78≤overall_score<90；核心字段可用；冲突已路由。,,,,,,,,,,,,94,overall_confidence=中高。,overall_confidence,核心结构较清楚，并有一定交叉支持，但仍保留部分需要案例校准的细节。,不得用中高置信写绝对断语。,中高,门控,待验证,,,V0.8
M2-SYNTH-134,中置信区间｜65—77,L7 总合成与报告引擎,置信计算,通用,输出,overall_score,中,65≤overall_score<78；主要字段可发布但支持有限或存在轻微分歧。,,,,,,,,,,,,94,overall_confidence=中。,overall_confidence,当前结果有可用主线，但仍有部分候选、回退或证据覆盖不足，适合用“更接近”表达。,不得省略不确定性说明。,中,门控,待验证,,,V0.8
M2-SYNTH-135,中低置信区间｜50—64,L7 总合成与报告引擎,置信计算,通用,输出,overall_score,中低,50≤overall_score<65。,,,,,,,,,,,,94,overall_confidence=中低；简版只输出最可靠字段；专业版说明缺口。,overall_confidence,目前只能看见部分趋势，系统会减少结论数量，并说明哪些环节仍缺证据。,不得发布完整确定叙事。,中低,门控,待验证,,,V0.8
M2-SYNTH-136,低置信区间｜低于50,L7 总合成与报告引擎,置信计算,通用,输出,overall_score,低,overall_score<50且未触发基础停止。,,,,,,,,,,,,94,overall_confidence=低；report_status=partial或stopped。,overall_confidence,当前证据不足以形成稳定的关系选择画像，系统只保留少量提示或停止输出。,不得把低置信结果写成长篇人格画像。,低,门控,待验证,,,V0.8
M2-SYNTH-137,输入覆盖上限｜少于四个模块可用,L7 总合成与报告引擎,置信计算,通用,降级,module_coverage,overall,六模块中ready/partial可用模块少于4个。,某字段自身仍由权威模块高置信提供。,,,,,,,,,,,93,overall_confidence上限=中低；单字段可按自身置信发布。,confidence_cap,模块覆盖不足时，某一项可以仍然清楚，但整份报告不能表现得过度完整。,不得用一个强字段抬高整份报告。,中低,门控,待验证,,,V0.8
M2-SYNTH-138,冲突上限｜存在未解决高置信冲突,L7 总合成与报告引擎,置信计算,通用,降级,unresolved_conflict,overall,任一核心字段存在未解决高置信冲突。,,,,,,,,,,,,100,overall_confidence上限=中；冲突字段上限=中低。,confidence_cap,关键冲突尚未解释清楚时，整份报告会降低确定度，并保留冲突说明。,不得在冲突未解时输出高或中高总体置信。,低,门控,待验证,,,V0.8
M2-SYNTH-139,发布状态｜complete、partial、stopped,L7 总合成与报告引擎,置信计算,通用,输出,report_status,publishability,各字段发布状态已确定。,,,,,,,,,,,,98,核心门槛＋资格证据可用且至少两项辅助字段可用=complete；核心可用但辅助缺失=partial；核心不可用=stopped。,report_status,系统会区分完整报告、部分报告和停止报告，不会把所有情况都包装成同样完整。,不得在stopped状态生成用户画像正文。,高,门控,待验证,,,V0.8
M2-SYNTH-140,M1—M2比较｜双方达到最低阈值才启动,L7 总合成与报告引擎,M1-M2接口,通用,门控,M1结果,M2结果,M1.primary_attraction与M2.primary_gate均非空，且两模型置信至少为中。,任一模型缺失、低置信或stopped。,,,,,,,,,,,98,满足则进入维度映射；否则relation=暂不比较。,attraction_selection_relation,只有心动偏好和关系选择两边都足够清楚，系统才会比较它们是否一致。,不得拿低置信M1或M2制造心动与理性的冲突叙事。,门控,门控,待验证,,,V0.8
M2-SYNTH-141,M1正官型映射｜责任与秩序,L7 总合成与报告引擎,M1-M2接口,通用,基础,正官型心动,G01/G11,M1主或次吸引标签为可靠、责任、自律、原则、秩序。,,,,,,,,,,,,88,映射候选G01承诺清晰、G11身份与秩序认可。,m1_dimension_map,你对可靠、负责和有原则的心动偏好，会与承诺清晰或关系秩序维度进行比较。,不得直接把人格印象等同于现实守约证据。,中,门控,待验证,,,V0.8
M2-SYNTH-142,M1七杀型映射｜行动与力量,L7 总合成与报告引擎,M1-M2接口,通用,基础,七杀型心动,G02,M1标签为行动力、魄力、决断、推进、力量感。,,,,,,,,,,,,88,映射G02行动兑现。,m1_dimension_map,你对行动力和魄力的吸引，会与“对方是否真正行动并承担”进行比较。,不得把力量感直接等同于关系可靠。,中,门控,待验证,,,V0.8
M2-SYNTH-143,M1正财型映射｜稳定投入与现实生活,L7 总合成与报告引擎,M1-M2接口,通用,基础,正财型心动,G03/G09,M1标签为踏实、稳定、生活能力、持续投入。,,,,,,,,,,,,88,映射G03持续投入、G09现实匹配。,m1_dimension_map,你对踏实、会生活的吸引，会与持续投入和现实兼容性进行比较。,不得把顾家标签直接等于长期适配。,中,门控,待验证,,,V0.8
M2-SYNTH-144,M1偏财型映射｜互动与体验,L7 总合成与报告引擎,M1-M2接口,通用,基础,偏财型心动,G04,M1标签为魅力、社交、互动、新鲜感、生活情趣。,,,,,,,,,,,,88,映射G04感觉与互动。,m1_dimension_map,你对魅力和互动氛围的吸引，会与相处体验是否足以让关系继续进行比较。,不得把互动魅力直接推成花心或关系不稳定。,中,门控,待验证,,,V0.8
M2-SYNTH-145,M1食神型映射｜舒适与生活感,L7 总合成与报告引擎,M1-M2接口,通用,基础,食神型心动,G04/G06/G09,M1标签为舒服、温和、松弛、会生活、幽默。,,,,,,,,,,,,86,主映射G04；按文案功能可辅映射G06或G09。,m1_dimension_map,让你放松、相处舒服的特质，会与互动体验、情绪安全或生活匹配进行比较。,不得一次同时把食神映射为三个独立M2维度加分。,中,门控,待验证,,,V0.8
M2-SYNTH-146,M1伤官型映射｜思想与表达,L7 总合成与报告引擎,M1-M2接口,通用,基础,伤官型心动,G05,M1标签为聪明、观点、表达、才华、思想碰撞。,,,,,,,,,,,,88,映射G05思想共鸣。,m1_dimension_map,你对聪明、能聊、有观点的吸引，会与思想共鸣是否是实际准入条件进行比较。,不得把会聊天直接等于关系适配。,中,门控,待验证,,,V0.8
M2-SYNTH-147,M1正印型映射｜理解与安全,L7 总合成与报告引擎,M1-M2接口,通用,基础,正印型心动,G06,M1标签为成熟、理解、耐心、安心、承接。,,,,,,,,,,,,88,映射G06情绪安全。,m1_dimension_map,你对温和、理解和安心感的吸引，会与情绪安全是否是实际关系门槛进行比较。,不得诊断依恋类型。,中,门控,待验证,,,V0.8
M2-SYNTH-148,M1偏印型映射｜独特与深度,L7 总合成与报告引擎,M1-M2接口,通用,基础,偏印型心动,G12,M1标签为独特、神秘、专业、洞察、精神深度。,,,,,,,,,,,,88,映射G12独特性确认。,m1_dimension_map,你对独特、专业或有精神深度的人产生兴趣时，系统会比较这种特质是否也决定你认真进入关系。,不得把神秘感写成危险或不稳定。,中,门控,待验证,,,V0.8
M2-SYNTH-149,M1比肩型映射｜平等与自主,L7 总合成与报告引擎,M1-M2接口,通用,基础,比肩型心动,G07,M1标签为独立、平等、有边界、并肩。,,,,,,,,,,,,88,映射G07平等尊重。,m1_dimension_map,你对独立、平等和有边界的吸引，会与关系里是否保留自主和协商空间进行比较。,不得把独立直接等于不需要亲密。,中,门控,待验证,,,V0.8
M2-SYNTH-150,M1劫财型映射｜共同经历与行动活力,L7 总合成与报告引擎,M1-M2接口,通用,基础,劫财型心动,G08/G04,M1标签为冲劲、活力、敢尝试、共同体验、带动气氛。,,,,,,,,,,,,86,主映射G08共同成长；互动语义可辅映射G04。,m1_dimension_map,你对活力、冲劲和一起行动的吸引，会与共同经历或互动体验是否参与实际选择进行比较。,不得把冲劲自动写成竞争冲突。,中,门控,待验证,,,V0.8
M2-SYNTH-151,M1桃花信号｜只比较触发不直接映射主门槛,L7 总合成与报告引擎,M1-M2接口,通用,门控,桃花/外形氛围,M2维度,M1主要结论来自外形、气质、声音、谈吐或第一印象触发。,另有明确十神维度支持。,,,,,,,,,,,96,单独桃花不生成G维度；relation最多=部分一致候选或暂不比较。,m1_dimension_map,第一印象可以很快启动好感，但它本身不足以说明你会用什么标准真正进入关系。,不得把桃花信号直接映射为G04并判一致。,门控,门控,待验证,,,V0.8
M2-SYNTH-152,完全一致｜主维度直接相同,L7 总合成与报告引擎,M1-M2接口,通用,组合,M1主维度,M2主门槛,M1主映射维度与M2.primary_gate相同；双方置信至少中；M2证据独立。,,,,,,,,,,,,94,relation=一致；relation_strength=strong。,attraction_selection_relation,让你最容易心动的特质，也正好是你认真进入关系时最需要确认的条件。,不得因此推出对象一定适合或关系一定稳定。,中高,门控,待验证,,,V0.8
M2-SYNTH-153,一致｜人格特质与现实证据语义相连,L7 总合成与报告引擎,M1-M2接口,通用,组合,M1特质,M2 proof,M1主特质与M2.proof_needed属于直接现实化关系，如魄力→行动兑现、可靠→持续守约。,只有表面词相似、功能不同。,,,,,,,,,,,92,relation=一致；说明“心动特质在选择中需要被现实行为证明”。,attraction_selection_relation,你会被某种特质吸引，而真正进入关系时，会要求这种特质落到持续、可观察的行为上。,不得把第一印象自动当成已通过准入。,中高,门控,待验证,,,V0.8
M2-SYNTH-154,部分一致｜M1主维度落在M2次门槛,L7 总合成与报告引擎,M1-M2接口,通用,组合,M1 primary,M2 secondary,M1主映射维度等于M2.secondary_gate，M2.primary_gate不同。,,,,,,,,,,,,92,relation=部分一致；写明心动入口与核心门槛的主次。,attraction_selection_relation,让你心动的特质在实际选择中仍然重要，但它更像加分或第二道检查，真正决定进入的是另一项核心条件。,不得写成心动完全无用。,中高,门控,待验证,,,V0.8
M2-SYNTH-155,部分一致｜心动是入口、现实证据是复核,L7 总合成与报告引擎,M1-M2接口,通用,组合,M1 attraction,M2 proof/gate,M1维度与M2不同，但FLOW显示M1类似体验先启动、M2门槛后复核。,,,,,,,,,,,,90,relation=部分一致；relation_pattern=入口—复核。,attraction_selection_relation,你可能先因为一种特质产生感觉，但真正决定认真进入，还要等另一项现实条件通过验证。,不得把这种差异写成理性压抑感性。,中,门控,待验证,,,V0.8
M2-SYNTH-156,部分一致｜相邻维度但功能不同,L7 总合成与报告引擎,M1-M2接口,通用,组合,相邻维度,不同功能,M1与M2维度语义相近，如G01与G02、G03与G09，但承担不同功能。,,,,,,,,,,,,88,relation=部分一致；说明共同主题和功能差异。,attraction_selection_relation,心动和选择围绕相近主题，但一个更像人格吸引，另一个更强调现实兑现或生活兼容。,不得因为相近就标记完全一致。,中,门控,待验证,,,V0.8
M2-SYNTH-157,明显不同｜主维度无重合且双方高置信,L7 总合成与报告引擎,M1-M2接口,通用,组合,M1主维度,M2主/次/证明,M1主维度与M2主门槛、次门槛和资格证据均无直接或相邻重合；双方置信中高以上。,,,,,,,,,,,,94,relation=明显不同；G14理性情感一致度标记低重合。,attraction_selection_relation,让你产生感觉的特质，和真正让你接受一段关系的条件并不相同：前者负责启动好感，后者负责决定是否认真。,不得写成你总会选错人或心动对象一定不适合。,中高,门控,待验证,,,V0.8
M2-SYNTH-158,证据不足｜暂不比较,L7 总合成与报告引擎,M1-M2接口,通用,降级,M1/M2低置信,relation,任一模型低置信、缺失、停止，或映射只来自桃花等外在触发。,,,,,,,,,,,,98,relation=暂不比较；不生成差异叙事。,attraction_selection_relation,目前不足以可靠比较心动与选择是否一致，系统会先保留两边各自结论。,不得在证据不足时写明显不同。,低,门控,待验证,,,V0.8
M2-SYNTH-159,差异语言｜保持中性、不制造自我冲突,L7 总合成与报告引擎,M1-M2接口,通用,门控,relation=部分一致/明显不同,用户文案,生成心动与选择差异段落。,,,,,,,,,,,,100,使用“启动好感/决定进入”的功能分工；禁用“口是心非、选错、矛盾人格”。,language_guard,心动和选择不同，只说明它们承担不同功能，不代表你矛盾、虚伪或总是做错决定。,不得人格化或道德化这种差异。,门控,门控,待验证,,,V0.8
M2-SYNTH-160,G14输出｜理性情感一致度只做接口,L7 总合成与报告引擎,M1-M2接口,通用,输出,G14,relation enum,M1-M2比较完成。,,,,,,,,,,,,92,G14仅记录一致/部分一致/明显不同/暂不比较；不参与M2核心分。,G14,系统会把心动与选择的一致度作为整合提示单独保存，不改变模型二本身的门槛判断。,不得用G14推断关系风险或长期幸福。,中高,门控,待验证,,,V0.8
M2-SYNTH-161,简版报告｜固定四段主结构,L7 总合成与报告引擎,报告生成,通用,输出,short_report,四段结构,report_status=complete或partial且核心门槛可发布。,,,,,,,,,,,,94,依次生成：核心门槛与证据、选择方式与路径、确认节奏、边界与M1比较（可选）。,short_report,简版报告会先告诉你什么条件真正决定进入关系，再说明你怎样确认、需要怎样积累证据，最后补充心动与选择是否一致。,不得把专业依据放在简版正文开头。,高,门控,待验证,,,V0.8
M2-SYNTH-162,专业版报告｜八段结构,L7 总合成与报告引擎,报告生成,通用,输出,professional_report,结构化解释,report_status非stopped。,,,,,,,,,,,,92,输出摘要、主门槛、资格证据、选择位置、确认路径、双层结构、节奏、依据与边界。,professional_report,专业版会把每一层的职责分开，并保留规则来源和不确定性，方便你学习、审查和后续开发。,不得把专业版写成原子规则流水账。,高,门控,待验证,,,V0.8
M2-SYNTH-163,一句话摘要｜只保留主线,L7 总合成与报告引擎,报告生成,通用,输出,one_line_summary,primary_gate＋proof,primary_gate与proof_needed可用。,,,,,,,,,,,,90,使用“你通常需要先确认X，并看到对方持续Y，才更愿意认真进入关系”。,one_line_summary,一句话会概括你最核心的关系门槛和对方需要拿出的现实证明。,不得在一句话中塞入SELF、FLOW、DUAL、TEMPO全部标签。,中高,门控,待验证,,,V0.8
M2-SYNTH-164,主门槛段｜解释需要确认什么,L7 总合成与报告引擎,报告生成,通用,输出,primary_gate_paragraph,GATE,primary_gate可发布。,,,,,,,,,,,,92,包含维度、现实含义、为什么它会决定准入；低置信时用“更接近”。,primary_gate_text,这一段会说明你真正需要确认的关系条件，例如承诺是否清楚、行动是否兑现、能否平等协商。,不得把门槛写成对对象人格的绝对评价。,高,门控,待验证,,,V0.8
M2-SYNTH-165,资格证据段｜写成可观察行为,L7 总合成与报告引擎,报告生成,通用,输出,proof_paragraph,CORE,proof_needed可发布。,,,,,,,,,,,,94,列2—3项持续、可观察行为；优先动词；避免形容词堆叠。,proof_text,这一段会写清楚什么行为最能让你把一个人放进认真考虑范围，例如持续守约、实际推进或把关系纳入生活安排。,不得用“有魅力、靠谱、成熟”等抽象词代替行为。,高,门控,待验证,,,V0.8
M2-SYNTH-166,选择方式段｜合并SELF与FLOW但不混淆,L7 总合成与报告引擎,报告生成,通用,输出,agency_path_paragraph,SELF＋FLOW,agency_pattern或primary_path至少一项可用。,,,,,,,,,,,,90,先写判断权位置，再写确认顺序；缺一项时不硬补。,agency_path_text,这一段会区分你怎样持有自己的标准，以及你通常按什么顺序确认一个人。,不得把选择位置和确认路径写成同一个人格标签。,中高,门控,待验证,,,V0.8
M2-SYNTH-167,双层段｜仅DUAL有效时出现,L7 总合成与报告引擎,报告生成,通用,输出,dual_paragraph,DUAL,DUAL=U01/U02/U03/U04/U05/U07且secondary_gate可发布。,U06/U08/not_applicable。,,,,,,,,,,,92,按主次、并行、先后、往返或情境切换生成对应句式。,dual_text,只有两项条件确实承担不同功能时，报告才会单独解释它们怎样一起参与选择。,不得在单门槛或未决状态下强行添加双层段。,高,门控,待验证,,,V0.8
M2-SYNTH-168,节奏段｜同时写机制与差速,L7 总合成与报告引擎,报告生成,通用,输出,tempo_paragraph,TEMPO,entry_tempo可发布。,,,,,,,,,,,,94,包含tempo_class、evidence_rounds、形成机制；有Z差速时分开外部、内部和正式进入。,tempo_text,这一段会说明你需要较少验证、观察后确认还是慢热积累，并解释这种节奏由什么证据过程形成。,不得输出具体天数、月份或年龄。,高,门控,待验证,,,V0.8
M2-SYNTH-169,M1比较段｜可选且不抢主线,L7 总合成与报告引擎,报告生成,通用,输出,m1_m2_paragraph,G14,attraction_selection_relation非暂不比较。,,,,,,,,,,,,88,放在核心M2内容之后；最多2—3句。,m1_m2_text,心动与选择的比较会作为补充：说明什么负责启动好感，什么负责决定是否真正进入。,不得让M1比较替代M2主结论。,中,门控,待验证,,,V0.8
M2-SYNTH-170,依据摘要｜最多三项独立事实,L7 总合成与报告引擎,报告生成,通用,输出,basis_summary,provenance,专业版需要显示命理依据。,,,,,,,,,,,,94,优先选择字段主来源和独立支持；最多3项；注明模块与规则ID。,basis_summary,专业依据只保留最关键的几条，并说明它们分别支持哪一项结论。,不得选择三条同源状态修正冒充多重依据。,高,门控,待验证,,,V0.8
M2-SYNTH-171,禁止推断段｜自动附加边界,L7 总合成与报告引擎,报告生成,通用,输出,boundary_note,禁用清单,发布任何完整或部分报告。,,,,,,,,,,,,100,固定包含准入≠适配/结果；按需加入低置信、日历与心理诊断边界。,boundary_note,报告会明确提醒：这些内容解释的是选择机制，不是对未来结果、对象品质或心理问题的判断。,不得省略边界以增强戏剧性。,门控,门控,待验证,,,V0.8
M2-SYNTH-172,低置信语言｜使用趋势与候选表达,L7 总合成与报告引擎,报告生成,通用,门控,overall_confidence=中低/低,文案语气,总体或字段置信低于中。,,,,,,,,,,,,98,使用“当前更接近、可能更重视、暂时只能看到”；减少段落与标签。,language_style,证据较弱时，报告会明确使用趋势性语言，并减少结论数量。,不得用肯定句包装低置信候选。,门控,门控,待验证,,,V0.8
M2-SYNTH-173,停止报告｜只输出原因与可用局部,L7 总合成与报告引擎,报告生成,通用,输出,report_status=stopped,stop_reason,核心门槛与资格证据不可发布。,,,,,,,,,,,,100,不生成画像；仅输出停止原因、可用局部字段和需要补充/复核的信息。,stopped_report,核心证据不足时，系统会直接说明为什么不能判断，而不是生成一份听起来完整但没有依据的报告。,不得在停止状态生成一句话画像。,停止,门控,待验证,,,V0.8
M2-SYNTH-174,正文长度｜控制信息密度,L7 总合成与报告引擎,报告生成,通用,门控,报告长度,用户可读性,生成中文用户报告。,,,,,,,,,,,,84,一句话摘要≤80字；简版约300—600字；专业版约800—1600字；以内容完整为准。,length_guard,报告会保持重点清楚，简版适合快速阅读，专业版适合学习和审查。,不得为了满足字数填充重复内容。,门控,门控,待验证,,,V0.8
M2-SYNTH-175,简版术语｜不直接暴露原始命理标签,L7 总合成与报告引擎,报告生成,通用,门控,简版用户文案,十神/合化/旺弱,生成short_report。,用户明确要求专业命理解释。,,,,,,,,,,,96,用行为和关系语言替代十神；专业依据折叠显示。,terminology_guard,简版会直接说你重视什么和怎样确认，不要求用户先理解正官、七杀、透藏或合化。,不得在简版大量堆砌命理术语。,门控,门控,待验证,,,V0.8
M2-SYNTH-176,专业术语｜出现时必须同时解释,L7 总合成与报告引擎,报告生成,通用,门控,专业版术语,自然语言解释,professional_report引用日支、夫妻星、印比、合化等术语。,,,,,,,,,,,,94,每个关键术语后紧接其在M2中的功能说明；不做术语炫技。,terminology_guard,专业版可以保留命理依据，但会同时解释它为什么支持某项关系选择结论。,不得只列术语不说明功能。,门控,门控,待验证,,,V0.8
M2-SYNTH-177,JSON输出｜必填字段与可空字段,L7 总合成与报告引擎,开发接口,通用,输出,M2Result,JSON contract,生成程序结果。,,,,,,,,,,,,98,必填meta、status、primary_gate、proof_needed、confidence、provenance、boundary；其他字段可null并附reason。,json_contract,程序输出会把结论、置信、来源、去重和停止原因分别保存，方便前端展示和后续模型使用。,不得用空字符串代替结构化null与reason。,高,门控,待验证,,,V0.8
M2-SYNTH-178,M3接口｜只传递选择前置条件,L7 总合成与报告引擎,跨模型接口,通用,输出,M2→M3,稳定字段,M2结果可发布；准备进入M3相处惯性。,,,,,,,,,,,,96,传primary_gate、proof_behaviors、agency_pattern、flow_sequence、tempo_class、confidence、boundary；不传M2推断外内容。,m3_interface,进入模型三时，只会带入你为什么让关系成立、怎样确认和什么节奏，不会提前替模型三判断相处行为。,不得让M2直接生成M3的沟通、依赖、付出或冲突结论。,高,门控,待验证,,,V0.8
M2-SYNTH-179,完整案例测试｜每次版本至少覆盖二十类结构,L7 总合成与报告引擎,验证管理,通用,门控,test_suite,结构覆盖,准备发布M2总规则库新版本。,,,,,,,,,,,,97,至少覆盖同维度去重、互补、双核心、先后、往返、情境化、fallback、停止、M1关系和差速等20类。,test_coverage,每次版本升级都会用一组结构化案例检查主门槛、证据、路径、节奏和边界是否按照预期合成。,不得只测试顺利、高置信的典型案例。,门控,门控,待验证,,,V0.8
M2-SYNTH-180,版本发布｜规则、工作簿、JSON、手册一致,L7 总合成与报告引擎,版本管理,通用,门控,release_checklist,V0.8,准备将V0.8标记为可交付。,任一文件规则数、字段名、版本号或枚举不一致。,,,,,,,,,,,100,校验180条SYNTH规则、929条既有规则、JSON schema、速查手册与测试表；不一致则停止发布。,release_status,发布前会检查总规则数量、字段名称、版本号和报告模板是否一致，避免不同文件互相矛盾。,不得发布版本不一致的多份知识库文件。,门控,门控,待验证,,,V0.8
