编码类型,编码,中文名称,标准定义,适用字段,排序,是否启用,备注
记录类型,REC01,正式规则,记录类型的标准选项：正式规则。具体成立条件由对应模块规则定义。,记录类型,1,是,
记录类型,REC02,示例,记录类型的标准选项：示例。具体成立条件由对应模块规则定义。,记录类型,2,是,
记录类型,REC03,待验证,记录类型的标准选项：待验证。具体成立条件由对应模块规则定义。,记录类型,3,是,
对象类别,OBJ01,天干,对象类别的标准选项：天干。具体成立条件由对应模块规则定义。,对象类别,1,是,
对象类别,OBJ02,地支,对象类别的标准选项：地支。具体成立条件由对应模块规则定义。,对象类别,2,是,
对象类别,OBJ03,五行,对象类别的标准选项：五行。具体成立条件由对应模块规则定义。,对象类别,3,是,
对象类别,OBJ04,十神,对象类别的标准选项：十神。具体成立条件由对应模块规则定义。,对象类别,4,是,
对象类别,OBJ05,组合,对象类别的标准选项：组合。具体成立条件由对应模块规则定义。,对象类别,5,是,
对象类别,OBJ06,格局,对象类别的标准选项：格局。具体成立条件由对应模块规则定义。,对象类别,6,是,
对象类别,OBJ07,病药,对象类别的标准选项：病药。具体成立条件由对应模块规则定义。,对象类别,7,是,
对象类别,OBJ08,输出字段,对象类别的标准选项：输出字段。具体成立条件由对应模块规则定义。,对象类别,8,是,
对象类别,OBJ09,案例,对象类别的标准选项：案例。具体成立条件由对应模块规则定义。,对象类别,9,是,
对象类别,OBJ10,版本记录,对象类别的标准选项：版本记录。具体成立条件由对应模块规则定义。,对象类别,10,是,
阴阳,YY-YANG,阳,阴阳的标准选项：阳。具体成立条件由对应模块规则定义。,阴阳,1,是,
阴阳,YY-YIN,阴,阴阳的标准选项：阴。具体成立条件由对应模块规则定义。,阴阳,2,是,
五行,WX-MU,木,五行的标准选项：木。具体成立条件由对应模块规则定义。,五行、候选五行、合化候选五行、适用五行,1,是,
五行,WX-HUO,火,五行的标准选项：火。具体成立条件由对应模块规则定义。,五行、候选五行、合化候选五行、适用五行,2,是,
五行,WX-TU,土,五行的标准选项：土。具体成立条件由对应模块规则定义。,五行、候选五行、合化候选五行、适用五行,3,是,
五行,WX-JIN,金,五行的标准选项：金。具体成立条件由对应模块规则定义。,五行、候选五行、合化候选五行、适用五行,4,是,
五行,WX-SHUI,水,五行的标准选项：水。具体成立条件由对应模块规则定义。,五行、候选五行、合化候选五行、适用五行,5,是,
藏干层级,HG01,本气,藏干层级的标准选项：本气。具体成立条件由对应模块规则定义。,藏干一层级、藏干三层级、藏干二层级,1,是,
藏干层级,HG02,中气,藏干层级的标准选项：中气。具体成立条件由对应模块规则定义。,藏干一层级、藏干三层级、藏干二层级,2,是,
藏干层级,HG03,余气,藏干层级的标准选项：余气。具体成立条件由对应模块规则定义。,藏干一层级、藏干三层级、藏干二层级,3,是,
藏干层级,HG04,无,藏干层级的标准选项：无。具体成立条件由对应模块规则定义。,藏干一层级、藏干三层级、藏干二层级,4,是,
规则层级,L1,识别层,确认客观关系或事实是否存在，不判断其吉凶、增减力或最终作用。,规则层级,1,是,
规则层级,L2,效应层,判断已识别关系实际产生的合绊、冲动、转化、根气变化或流通影响。,规则层级,2,是,
规则层级,L3,结构层,汇总有效力量、十神功能、组合、流通、调候等中层结构结论。,规则层级,3,是,
规则层级,L4,综合层,完成格局、病药、用神与冲突裁决，输出最终可回溯结论。,规则层级,4,是,
关系类型,REL01,天干五合,用于识别干支关系类别；关系存在后须进入效应层判断实际作用。,关系类型,1,是,
关系类型,REL02,天干相克,用于识别干支关系类别；关系存在后须进入效应层判断实际作用。,关系类型,2,是,
关系类型,REL03,争合,用于识别干支关系类别；关系存在后须进入效应层判断实际作用。,关系类型,3,是,
关系类型,REL04,妒合,用于识别干支关系类别；关系存在后须进入效应层判断实际作用。,关系类型,4,是,
关系类型,REL05,隔合,用于识别干支关系类别；关系存在后须进入效应层判断实际作用。,关系类型,5,是,
关系类型,REL06,遥合,用于识别干支关系类别；关系存在后须进入效应层判断实际作用。,关系类型,6,是,
关系类型,REL07,六合,用于识别干支关系类别；关系存在后须进入效应层判断实际作用。,关系类型,7,是,
关系类型,REL08,三合,用于识别干支关系类别；关系存在后须进入效应层判断实际作用。,关系类型,8,是,
关系类型,REL09,半合,用于识别干支关系类别；关系存在后须进入效应层判断实际作用。,关系类型,9,是,
关系类型,REL10,拱合,用于识别干支关系类别；关系存在后须进入效应层判断实际作用。,关系类型,10,是,
关系类型,REL11,三会,用于识别干支关系类别；关系存在后须进入效应层判断实际作用。,关系类型,11,是,
关系类型,REL12,六冲,用于识别干支关系类别；关系存在后须进入效应层判断实际作用。,关系类型,12,是,
关系类型,REL13,三刑,用于识别干支关系类别；关系存在后须进入效应层判断实际作用。,关系类型,13,是,
关系类型,REL14,自刑,用于识别干支关系类别；关系存在后须进入效应层判断实际作用。,关系类型,14,是,
关系类型,REL15,六害,用于识别干支关系类别；关系存在后须进入效应层判断实际作用。,关系类型,15,是,
关系类型,REL16,六破,用于识别干支关系类别；关系存在后须进入效应层判断实际作用。,关系类型,16,是,
关系类型,REL17,其他,用于识别干支关系类别；关系存在后须进入效应层判断实际作用。,关系类型,17,是,
位置关系,POS01,同柱,位置关系的标准选项：同柱。具体成立条件由对应模块规则定义。,位置关系,1,是,
位置关系,POS02,相邻,位置关系的标准选项：相邻。具体成立条件由对应模块规则定义。,位置关系,2,是,
位置关系,POS03,隔位,位置关系的标准选项：隔位。具体成立条件由对应模块规则定义。,位置关系,3,是,
位置关系,POS04,遥隔,位置关系的标准选项：遥隔。具体成立条件由对应模块规则定义。,位置关系,4,是,
位置关系,POS05,年月,位置关系的标准选项：年月。具体成立条件由对应模块规则定义。,位置关系,5,是,
位置关系,POS06,月日,位置关系的标准选项：月日。具体成立条件由对应模块规则定义。,位置关系,6,是,
位置关系,POS07,日时,位置关系的标准选项：日时。具体成立条件由对应模块规则定义。,位置关系,7,是,
位置关系,POS08,年日,位置关系的标准选项：年日。具体成立条件由对应模块规则定义。,位置关系,8,是,
位置关系,POS09,年时,位置关系的标准选项：年时。具体成立条件由对应模块规则定义。,位置关系,9,是,
位置关系,POS10,月时,位置关系的标准选项：月时。具体成立条件由对应模块规则定义。,位置关系,10,是,
位置关系,POS11,其他,位置关系的标准选项：其他。具体成立条件由对应模块规则定义。,位置关系,11,是,
完整度,CMP01,缺失,完整度的标准选项：缺失。具体成立条件由对应模块规则定义。,完整度,1,是,
完整度,CMP02,部分,完整度的标准选项：部分。具体成立条件由对应模块规则定义。,完整度,2,是,
完整度,CMP03,完整,完整度的标准选项：完整。具体成立条件由对应模块规则定义。,完整度,3,是,
完整度,CMP04,岁运补齐,完整度的标准选项：岁运补齐。具体成立条件由对应模块规则定义。,完整度,4,是,
完整度,CMP05,待定,完整度的标准选项：待定。具体成立条件由对应模块规则定义。,完整度,5,是,
根气类型,ROOT01,本气根,根气类型的标准选项：本气根。具体成立条件由对应模块规则定义。,根气类型,1,是,
根气类型,ROOT02,中气根,根气类型的标准选项：中气根。具体成立条件由对应模块规则定义。,根气类型,2,是,
根气类型,ROOT03,余气根,根气类型的标准选项：余气根。具体成立条件由对应模块规则定义。,根气类型,3,是,
根气类型,ROOT04,库根,根气类型的标准选项：库根。具体成立条件由对应模块规则定义。,根气类型,4,是,
根气类型,ROOT05,同类根,根气类型的标准选项：同类根。具体成立条件由对应模块规则定义。,根气类型,5,是,
根气类型,ROOT06,无根,根气类型的标准选项：无根。具体成立条件由对应模块规则定义。,根气类型,6,是,
根气类型,ROOT07,其他,根气类型的标准选项：其他。具体成立条件由对应模块规则定义。,根气类型,7,是,
根气等级,RG01,无根,根气等级的标准选项：无根。具体成立条件由对应模块规则定义。,根气等级,1,是,
根气等级,RG02,微根,根气等级的标准选项：微根。具体成立条件由对应模块规则定义。,根气等级,2,是,
根气等级,RG03,弱根,根气等级的标准选项：弱根。具体成立条件由对应模块规则定义。,根气等级,3,是,
根气等级,RG04,中根,根气等级的标准选项：中根。具体成立条件由对应模块规则定义。,根气等级,4,是,
根气等级,RG05,强根,根气等级的标准选项：强根。具体成立条件由对应模块规则定义。,根气等级,5,是,
根气等级,RG06,多重强根,根气等级的标准选项：多重强根。具体成立条件由对应模块规则定义。,根气等级,6,是,
根气等级,RG07,待定,根气等级的标准选项：待定。具体成立条件由对应模块规则定义。,根气等级,7,是,
作用类型,ACT01,生,描述关系或药神的具体作用机制，必须同时记录作用对象和成立条件。,作用类型、效应类型,1,是,
作用类型,ACT02,克,描述关系或药神的具体作用机制，必须同时记录作用对象和成立条件。,作用类型、效应类型,2,是,
作用类型,ACT03,制,描述关系或药神的具体作用机制，必须同时记录作用对象和成立条件。,作用类型、效应类型,3,是,
作用类型,ACT04,化,描述关系或药神的具体作用机制，必须同时记录作用对象和成立条件。,作用类型、效应类型,4,是,
作用类型,ACT05,泄,描述关系或药神的具体作用机制，必须同时记录作用对象和成立条件。,作用类型、效应类型,5,是,
作用类型,ACT06,耗,描述关系或药神的具体作用机制，必须同时记录作用对象和成立条件。,作用类型、效应类型,6,是,
作用类型,ACT07,合绊,描述关系或药神的具体作用机制，必须同时记录作用对象和成立条件。,作用类型、效应类型,7,是,
作用类型,ACT08,合住,描述关系或药神的具体作用机制，必须同时记录作用对象和成立条件。,作用类型、效应类型,8,是,
作用类型,ACT09,合动,描述关系或药神的具体作用机制，必须同时记录作用对象和成立条件。,作用类型、效应类型,9,是,
作用类型,ACT10,合化,描述关系或药神的具体作用机制，必须同时记录作用对象和成立条件。,作用类型、效应类型,10,是,
作用类型,ACT11,冲动,描述关系或药神的具体作用机制，必须同时记录作用对象和成立条件。,作用类型、效应类型,11,是,
作用类型,ACT12,冲散,描述关系或药神的具体作用机制，必须同时记录作用对象和成立条件。,作用类型、效应类型,12,是,
作用类型,ACT13,冲开,描述关系或药神的具体作用机制，必须同时记录作用对象和成立条件。,作用类型、效应类型,13,是,
作用类型,ACT14,冲旺,描述关系或药神的具体作用机制，必须同时记录作用对象和成立条件。,作用类型、效应类型,14,是,
作用类型,ACT15,冲弱,描述关系或药神的具体作用机制，必须同时记录作用对象和成立条件。,作用类型、效应类型,15,是,
作用类型,ACT16,冲去,描述关系或药神的具体作用机制，必须同时记录作用对象和成立条件。,作用类型、效应类型,16,是,
作用类型,ACT17,刑动,描述关系或药神的具体作用机制，必须同时记录作用对象和成立条件。,作用类型、效应类型,17,是,
作用类型,ACT18,刑伤,描述关系或药神的具体作用机制，必须同时记录作用对象和成立条件。,作用类型、效应类型,18,是,
作用类型,ACT19,激活,描述关系或药神的具体作用机制，必须同时记录作用对象和成立条件。,作用类型、效应类型,19,是,
作用类型,ACT20,破坏根气,描述关系或药神的具体作用机制，必须同时记录作用对象和成立条件。,作用类型、效应类型,20,是,
作用类型,ACT21,引动藏干,描述关系或药神的具体作用机制，必须同时记录作用对象和成立条件。,作用类型、效应类型,21,是,
作用类型,ACT22,开库,描述关系或药神的具体作用机制，必须同时记录作用对象和成立条件。,作用类型、效应类型,22,是,
作用类型,ACT23,通关,描述关系或药神的具体作用机制，必须同时记录作用对象和成立条件。,作用类型、效应类型,23,是,
作用类型,ACT24,阻断,描述关系或药神的具体作用机制，必须同时记录作用对象和成立条件。,作用类型、效应类型,24,是,
作用类型,ACT25,润,描述关系或药神的具体作用机制，必须同时记录作用对象和成立条件。,作用类型、效应类型,25,是,
作用类型,ACT26,暖,描述关系或药神的具体作用机制，必须同时记录作用对象和成立条件。,作用类型、效应类型,26,是,
作用类型,ACT27,燥湿,描述关系或药神的具体作用机制，必须同时记录作用对象和成立条件。,作用类型、效应类型,27,是,
作用类型,ACT28,清杂,描述关系或药神的具体作用机制，必须同时记录作用对象和成立条件。,作用类型、效应类型,28,是,
作用类型,ACT29,护格,描述关系或药神的具体作用机制，必须同时记录作用对象和成立条件。,作用类型、效应类型,29,是,
作用类型,ACT30,救应,描述关系或药神的具体作用机制，必须同时记录作用对象和成立条件。,作用类型、效应类型,30,是,
作用类型,ACT31,其他,描述关系或药神的具体作用机制，必须同时记录作用对象和成立条件。,作用类型、效应类型,31,是,
作用方向,DIR01,增强,描述力量或功能被增强、减弱、转化、激活或阻断的方向。,作用方向,1,是,
作用方向,DIR02,减弱,描述力量或功能被增强、减弱、转化、激活或阻断的方向。,作用方向,2,是,
作用方向,DIR03,转化,描述力量或功能被增强、减弱、转化、激活或阻断的方向。,作用方向,3,是,
作用方向,DIR04,冻结,描述力量或功能被增强、减弱、转化、激活或阻断的方向。,作用方向,4,是,
作用方向,DIR05,激活,描述力量或功能被增强、减弱、转化、激活或阻断的方向。,作用方向,5,是,
作用方向,DIR06,阻断,描述力量或功能被增强、减弱、转化、激活或阻断的方向。,作用方向,6,是,
作用方向,DIR07,不变,描述力量或功能被增强、减弱、转化、激活或阻断的方向。,作用方向,7,是,
作用方向,DIR08,条件性,描述力量或功能被增强、减弱、转化、激活或阻断的方向。,作用方向,8,是,
作用方向,DIR09,待定,描述力量或功能被增强、减弱、转化、激活或阻断的方向。,作用方向,9,是,
作用等级,EFF01,弱,描述作用强度，必须由月令、根气、透干、路径与叠加关系支持。,作用等级,1,是,
作用等级,EFF02,中,描述作用强度，必须由月令、根气、透干、路径与叠加关系支持。,作用等级,2,是,
作用等级,EFF03,强,描述作用强度，必须由月令、根气、透干、路径与叠加关系支持。,作用等级,3,是,
作用等级,EFF04,决定性,描述作用强度，必须由月令、根气、透干、路径与叠加关系支持。,作用等级,4,是,
作用等级,EFF05,待定,描述作用强度，必须由月令、根气、透干、路径与叠加关系支持。,作用等级,5,是,
优先级,P0,P0_硬约束,用于规则冲突时的顺序控制；P0为硬约束，其余为证据优先度。,优先级,1,是,
优先级,P1,P1_高,用于规则冲突时的顺序控制；P0为硬约束，其余为证据优先度。,优先级,2,是,
优先级,P2,P2_中,用于规则冲突时的顺序控制；P0为硬约束，其余为证据优先度。,优先级,3,是,
优先级,P3,P3_低,用于规则冲突时的顺序控制；P0为硬约束，其余为证据优先度。,优先级,4,是,
规则性质,RTP01,硬约束,成立时必须满足；违反即不能接受对应结论。,规则性质,1,是,
规则性质,RTP02,软约束,提供倾向性判断，需要与其他证据共同使用。,规则性质,2,是,
规则性质,RTP03,辅助证据,仅增加或削弱候选结论置信度，不能单独定性。,规则性质,3,是,
规则性质,RTP04,否决规则,出现即推翻某一候选结论或迫使其降级。,规则性质,4,是,
规则性质,RTP05,例外规则,在特定边界情境下修正一般规则。,规则性质,5,是,
置信等级,CONF01,确定,客观映射或充分条件明确，反证空间很小。,置信等级,1,是,
置信等级,CONF02,较高,主要证据一致，存在少量边界或流派差异。,置信等级,2,是,
置信等级,CONF03,中等,证据有冲突或依赖尚未完全验证，需要保留条件。,置信等级,3,是,
置信等级,CONF04,低,证据不足、边界较大或只可作为探索性判断。,置信等级,4,是,
置信等级,CONF05,待验证,尚未通过文献、案例或回归测试。,置信等级,5,是,
流派标签,SCH01,子平格局,标记规则的理论来源或适用体系，发生分歧时转入M21治理。,流派标签,1,是,
流派标签,SCH02,旺衰扶抑,标记规则的理论来源或适用体系，发生分歧时转入M21治理。,流派标签,2,是,
流派标签,SCH03,调候,标记规则的理论来源或适用体系，发生分歧时转入M21治理。,流派标签,3,是,
流派标签,SCH04,病药,标记规则的理论来源或适用体系，发生分歧时转入M21治理。,流派标签,4,是,
流派标签,SCH05,盲派象法,标记规则的理论来源或适用体系，发生分歧时转入M21治理。,流派标签,5,是,
流派标签,SCH06,现代综合,标记规则的理论来源或适用体系，发生分歧时转入M21治理。,流派标签,6,是,
流派标签,SCH07,跨流派共识,标记规则的理论来源或适用体系，发生分歧时转入M21治理。,流派标签,7,是,
流派标签,SCH08,待定,标记规则的理论来源或适用体系，发生分歧时转入M21治理。,流派标签,8,是,
规则状态,RST01,草稿,标记规则在知识库生命周期中的采用与验证状态。,规则状态,1,是,
规则状态,RST02,待验证,标记规则在知识库生命周期中的采用与验证状态。,规则状态,2,是,
规则状态,RST03,已验证,标记规则在知识库生命周期中的采用与验证状态。,规则状态,3,是,
规则状态,RST04,采用,标记规则在知识库生命周期中的采用与验证状态。,规则状态,4,是,
规则状态,RST05,停用,标记规则在知识库生命周期中的采用与验证状态。,规则状态,5,是,
规则状态,RST06,示例,标记规则在知识库生命周期中的采用与验证状态。,规则状态,6,是,
审核状态,REV01,未审核,标记规则是否完成初审、复审与正式通过。,审核状态,1,是,
审核状态,REV02,初审,标记规则是否完成初审、复审与正式通过。,审核状态,2,是,
审核状态,REV03,复审,标记规则是否完成初审、复审与正式通过。,审核状态,3,是,
审核状态,REV04,已通过,标记规则是否完成初审、复审与正式通过。,审核状态,4,是,
审核状态,REV05,退回,标记规则是否完成初审、复审与正式通过。,审核状态,5,是,
旺衰等级,WS1,极弱,有效根、源与同党极少，且受制泄耗成势。,原始力量、对象原始旺衰、旺衰候选、有效力量、桥梁强度、起点强度,1,是,
旺衰等级,WS2,弱,生扶与承载明显不足，但尚未达到从弱或完全失根。,原始力量、对象原始旺衰、旺衰候选、有效力量、桥梁强度、起点强度,2,是,
旺衰等级,WS3,中和偏弱,整体接近平衡，克泄耗略占优势。,原始力量、对象原始旺衰、旺衰候选、有效力量、桥梁强度、起点强度,3,是,
旺衰等级,WS4,中和,生扶与克泄耗大致均衡，无明显一方主导。,原始力量、对象原始旺衰、旺衰候选、有效力量、桥梁强度、起点强度,4,是,
旺衰等级,WS5,中和偏旺,整体接近平衡，得令、根助或同党略占优势。,原始力量、对象原始旺衰、旺衰候选、有效力量、桥梁强度、起点强度,5,是,
旺衰等级,WS6,旺,生扶、根气或成势明显，克泄耗不足以制衡。,原始力量、对象原始旺衰、旺衰候选、有效力量、桥梁强度、起点强度,6,是,
旺衰等级,WS7,极旺,力量高度集中成势，普通制衡逻辑需谨慎并审特殊格局。,原始力量、对象原始旺衰、旺衰候选、有效力量、桥梁强度、起点强度,7,是,
旺衰等级,WS0,待定,旺衰等级的标准选项：待定。具体成立条件由对应模块规则定义。,原始力量、对象原始旺衰、旺衰候选、有效力量、桥梁强度、起点强度,8,是,
成立等级,EST01,不成立,成立等级的标准选项：不成立。具体成立条件由对应模块规则定义。,成立等级,1,是,
成立等级,EST02,弱成立,成立等级的标准选项：弱成立。具体成立条件由对应模块规则定义。,成立等级,2,是,
成立等级,EST03,基本成立,成立等级的标准选项：基本成立。具体成立条件由对应模块规则定义。,成立等级,3,是,
成立等级,EST04,明显成立,成立等级的标准选项：明显成立。具体成立条件由对应模块规则定义。,成立等级,4,是,
成立等级,EST05,完整成立,成立等级的标准选项：完整成立。具体成立条件由对应模块规则定义。,成立等级,5,是,
成立等级,EST06,待定,成立等级的标准选项：待定。具体成立条件由对应模块规则定义。,成立等级,6,是,
可用性,AVL01,有效,可用性的标准选项：有效。具体成立条件由对应模块规则定义。,调候五行有效性,1,是,
可用性,AVL02,受限,可用性的标准选项：受限。具体成立条件由对应模块规则定义。,调候五行有效性,2,是,
可用性,AVL03,失效,可用性的标准选项：失效。具体成立条件由对应模块规则定义。,调候五行有效性,3,是,
可用性,AVL04,过度,可用性的标准选项：过度。具体成立条件由对应模块规则定义。,调候五行有效性,4,是,
可用性,AVL05,待定,可用性的标准选项：待定。具体成立条件由对应模块规则定义。,调候五行有效性,5,是,
是否条件,YNC01,是,是否条件的标准选项：是。具体成立条件由对应模块规则定义。,与扶抑冲突、与格局冲突、是否上升为格局、是否产生新病、是否伤害格局、是否减力、是否可单独定性、是否增力、是否影响流通、是否改变五行性质、是否改变根气、是否改变生源、是否改变藏干可用性、是否改变透达、是否条件性、调候五行存在性,1,是,
是否条件,YNC02,否,是否条件的标准选项：否。具体成立条件由对应模块规则定义。,与扶抑冲突、与格局冲突、是否上升为格局、是否产生新病、是否伤害格局、是否减力、是否可单独定性、是否增力、是否影响流通、是否改变五行性质、是否改变根气、是否改变生源、是否改变藏干可用性、是否改变透达、是否条件性、调候五行存在性,2,是,
是否条件,YNC03,条件性,是否条件的标准选项：条件性。具体成立条件由对应模块规则定义。,与扶抑冲突、与格局冲突、是否上升为格局、是否产生新病、是否伤害格局、是否减力、是否可单独定性、是否增力、是否影响流通、是否改变五行性质、是否改变根气、是否改变生源、是否改变藏干可用性、是否改变透达、是否条件性、调候五行存在性,3,是,
是否条件,YNC04,待定,是否条件的标准选项：待定。具体成立条件由对应模块规则定义。,与扶抑冲突、与格局冲突、是否上升为格局、是否产生新病、是否伤害格局、是否减力、是否可单独定性、是否增力、是否影响流通、是否改变五行性质、是否改变根气、是否改变生源、是否改变藏干可用性、是否改变透达、是否条件性、调候五行存在性,4,是,
十神,SG-BJ,比肩,相对日主的生克与阴阳关系映射，旺衰、功能和喜忌需分别判断。,十神、对应十神,1,是,
十神,SG-JC,劫财,相对日主的生克与阴阳关系映射，旺衰、功能和喜忌需分别判断。,十神、对应十神,2,是,
十神,SG-SS,食神,相对日主的生克与阴阳关系映射，旺衰、功能和喜忌需分别判断。,十神、对应十神,3,是,
十神,SG-SG,伤官,相对日主的生克与阴阳关系映射，旺衰、功能和喜忌需分别判断。,十神、对应十神,4,是,
十神,SG-PC,偏财,相对日主的生克与阴阳关系映射，旺衰、功能和喜忌需分别判断。,十神、对应十神,5,是,
十神,SG-ZC,正财,相对日主的生克与阴阳关系映射，旺衰、功能和喜忌需分别判断。,十神、对应十神,6,是,
十神,SG-QS,七杀,相对日主的生克与阴阳关系映射，旺衰、功能和喜忌需分别判断。,十神、对应十神,7,是,
十神,SG-ZG,正官,相对日主的生克与阴阳关系映射，旺衰、功能和喜忌需分别判断。,十神、对应十神,8,是,
十神,SG-PY,偏印,相对日主的生克与阴阳关系映射，旺衰、功能和喜忌需分别判断。,十神、对应十神,9,是,
十神,SG-ZY,正印,相对日主的生克与阴阳关系映射，旺衰、功能和喜忌需分别判断。,十神、对应十神,10,是,
十神存在方式,EXI01,透干,十神存在方式的标准选项：透干。具体成立条件由对应模块规则定义。,存在方式,1,是,
十神存在方式,EXI02,藏支本气,十神存在方式的标准选项：藏支本气。具体成立条件由对应模块规则定义。,存在方式,2,是,
十神存在方式,EXI03,藏支中气,十神存在方式的标准选项：藏支中气。具体成立条件由对应模块规则定义。,存在方式,3,是,
十神存在方式,EXI04,藏支余气,十神存在方式的标准选项：藏支余气。具体成立条件由对应模块规则定义。,存在方式,4,是,
十神存在方式,EXI05,多处出现,十神存在方式的标准选项：多处出现。具体成立条件由对应模块规则定义。,存在方式,5,是,
十神存在方式,EXI06,完全不现,十神存在方式的标准选项：完全不现。具体成立条件由对应模块规则定义。,存在方式,6,是,
十神存在方式,EXI07,待定,十神存在方式的标准选项：待定。具体成立条件由对应模块规则定义。,存在方式,7,是,
十神功能状态,SGF01,正常发挥,十神功能状态的标准选项：正常发挥。具体成立条件由对应模块规则定义。,功能状态,1,是,
十神功能状态,SGF02,受限,十神功能状态的标准选项：受限。具体成立条件由对应模块规则定义。,功能状态,2,是,
十神功能状态,SGF03,转化,十神功能状态的标准选项：转化。具体成立条件由对应模块规则定义。,功能状态,3,是,
十神功能状态,SGF04,失效,十神功能状态的标准选项：失效。具体成立条件由对应模块规则定义。,功能状态,4,是,
十神功能状态,SGF05,过度,十神功能状态的标准选项：过度。具体成立条件由对应模块规则定义。,功能状态,5,是,
十神功能状态,SGF06,制化平衡,十神功能状态的标准选项：制化平衡。具体成立条件由对应模块规则定义。,功能状态,6,是,
十神功能状态,SGF07,制化失衡,十神功能状态的标准选项：制化失衡。具体成立条件由对应模块规则定义。,功能状态,7,是,
十神功能状态,SGF08,待定,十神功能状态的标准选项：待定。具体成立条件由对应模块规则定义。,功能状态,8,是,
喜忌定位,YJ01,主用神,直接解决全局首要矛盾，且副作用可控的第一顺位五行或十神。,喜忌候选、综合定位,1,是,
喜忌定位,YJ02,辅助用神,协助主用完成制化、承载、通关或护格的次级用神。,喜忌候选、综合定位,2,是,
喜忌定位,YJ03,喜神,总体有利但不直接承担首要治病或成格功能。,喜忌候选、综合定位,3,是,
喜忌定位,YJ04,条件性喜神,只在明确条件满足时有利，条件不满足可能转为中性或忌。,喜忌候选、综合定位,4,是,
喜忌定位,YJ05,中性,对全局主要矛盾影响有限，或正负作用大致相抵。,喜忌候选、综合定位,5,是,
喜忌定位,YJ06,条件性忌神,在某些结构或强度下造成问题，非无条件为忌。,喜忌候选、综合定位,6,是,
喜忌定位,YJ07,忌神,明显强化原局之病、破坏格局或加重失衡。,喜忌候选、综合定位,7,是,
喜忌定位,YJ08,仇神,生助忌神、克制用神或破坏救应的间接不利力量。,喜忌候选、综合定位,8,是,
喜忌定位,YJ09,待定,喜忌定位的标准选项：待定。具体成立条件由对应模块规则定义。,喜忌候选、综合定位,9,是,
格局类别,GCT01,普通格局,格局类别的标准选项：普通格局。具体成立条件由对应模块规则定义。,格局类别,1,是,
格局类别,GCT02,建禄羊刃,格局类别的标准选项：建禄羊刃。具体成立条件由对应模块规则定义。,格局类别,2,是,
格局类别,GCT03,特殊格局,格局类别的标准选项：特殊格局。具体成立条件由对应模块规则定义。,格局类别,3,是,
格局类别,GCT04,从格,格局类别的标准选项：从格。具体成立条件由对应模块规则定义。,格局类别,4,是,
格局类别,GCT05,化气格,格局类别的标准选项：化气格。具体成立条件由对应模块规则定义。,格局类别,5,是,
格局类别,GCT06,专旺候选,格局类别的标准选项：专旺候选。具体成立条件由对应模块规则定义。,格局类别,6,是,
格局类别,GCT07,其他,格局类别的标准选项：其他。具体成立条件由对应模块规则定义。,格局类别,7,是,
格局状态,GST01,不成立,候选缺少必要条件或存在明确否决条件。,候选状态、格局状态,1,是,
格局状态,GST02,候选,具备初步依据，尚未完成成败、破格和救应检验。,候选状态、格局状态,2,是,
格局状态,GST03,基本成立,核心条件满足，但清纯度、稳定性或比例仍有不足。,候选状态、格局状态,3,是,
格局状态,GST04,成立但有破,核心格局成立，同时存在未被修复的破格因素。,候选状态、格局状态,4,是,
格局状态,GST05,有破有救,存在破格因素，但有实际有效的救应机制。,候选状态、格局状态,5,是,
格局状态,GST06,清纯成立,核心条件完整，杂乱与破坏较少，运行相对稳定。,候选状态、格局状态,6,是,
格局状态,GST07,特殊格局严格成立,从格、化气格等全部关键硬条件成立，普通扶抑需让位。,候选状态、格局状态,7,是,
格局状态,GST08,待定,格局状态的标准选项：待定。具体成立条件由对应模块规则定义。,候选状态、格局状态,8,是,
清纯程度,CLR01,清纯,清纯程度的标准选项：清纯。具体成立条件由对应模块规则定义。,主气清纯度、清纯程度,1,是,
清纯程度,CLR02,较清,清纯程度的标准选项：较清。具体成立条件由对应模块规则定义。,主气清纯度、清纯程度,2,是,
清纯程度,CLR03,有杂,清纯程度的标准选项：有杂。具体成立条件由对应模块规则定义。,主气清纯度、清纯程度,3,是,
清纯程度,CLR04,混杂,清纯程度的标准选项：混杂。具体成立条件由对应模块规则定义。,主气清纯度、清纯程度,4,是,
清纯程度,CLR05,严重混杂,清纯程度的标准选项：严重混杂。具体成立条件由对应模块规则定义。,主气清纯度、清纯程度,5,是,
清纯程度,CLR06,待定,清纯程度的标准选项：待定。具体成立条件由对应模块规则定义。,主气清纯度、清纯程度,6,是,
破格等级,BRK01,无破,破格等级的标准选项：无破。具体成立条件由对应模块规则定义。,破格等级,1,是,
破格等级,BRK02,轻微,破格等级的标准选项：轻微。具体成立条件由对应模块规则定义。,破格等级,2,是,
破格等级,BRK03,一般,破格等级的标准选项：一般。具体成立条件由对应模块规则定义。,破格等级,3,是,
破格等级,BRK04,严重,破格等级的标准选项：严重。具体成立条件由对应模块规则定义。,破格等级,4,是,
破格等级,BRK05,根本破格,破格等级的标准选项：根本破格。具体成立条件由对应模块规则定义。,破格等级,5,是,
破格等级,BRK06,待定,破格等级的标准选项：待定。具体成立条件由对应模块规则定义。,破格等级,6,是,
救应有效性,RES01,无救应,救应有效性的标准选项：无救应。具体成立条件由对应模块规则定义。,救应有效性,1,是,
救应有效性,RES02,弱救应,救应有效性的标准选项：弱救应。具体成立条件由对应模块规则定义。,救应有效性,2,是,
救应有效性,RES03,部分有效,救应有效性的标准选项：部分有效。具体成立条件由对应模块规则定义。,救应有效性,3,是,
救应有效性,RES04,明显有效,救应有效性的标准选项：明显有效。具体成立条件由对应模块规则定义。,救应有效性,4,是,
救应有效性,RES05,完全救应,救应有效性的标准选项：完全救应。具体成立条件由对应模块规则定义。,救应有效性,5,是,
救应有效性,RES06,待定,救应有效性的标准选项：待定。具体成立条件由对应模块规则定义。,救应有效性,6,是,
病类,DIS01,旺衰病,按旺衰、流通、制化、格局、调候或复合机制分类原局主要问题。,病类,1,是,
病类,DIS02,流通病,按旺衰、流通、制化、格局、调候或复合机制分类原局主要问题。,病类,2,是,
病类,DIS03,制化病,按旺衰、流通、制化、格局、调候或复合机制分类原局主要问题。,病类,3,是,
病类,DIS04,格局病,按旺衰、流通、制化、格局、调候或复合机制分类原局主要问题。,病类,4,是,
病类,DIS05,调候病,按旺衰、流通、制化、格局、调候或复合机制分类原局主要问题。,病类,5,是,
病类,DIS06,复合病,按旺衰、流通、制化、格局、调候或复合机制分类原局主要问题。,病类,6,是,
病类,DIS07,待定,按旺衰、流通、制化、格局、调候或复合机制分类原局主要问题。,病类,7,是,
严重程度,SEV01,轻微,严重程度的标准选项：轻微。具体成立条件由对应模块规则定义。,严重程度,1,是,
严重程度,SEV02,一般,严重程度的标准选项：一般。具体成立条件由对应模块规则定义。,严重程度,2,是,
严重程度,SEV03,明显,严重程度的标准选项：明显。具体成立条件由对应模块规则定义。,严重程度,3,是,
严重程度,SEV04,严重,严重程度的标准选项：严重。具体成立条件由对应模块规则定义。,严重程度,4,是,
严重程度,SEV05,首要矛盾,严重程度的标准选项：首要矛盾。具体成立条件由对应模块规则定义。,严重程度,5,是,
严重程度,SEV06,待定,严重程度的标准选项：待定。具体成立条件由对应模块规则定义。,严重程度,6,是,
药理,MED01,扶,描述药神如何解决原局之病，并需评估药力不足、过量与新病风险。,药理,1,是,
药理,MED02,抑,描述药神如何解决原局之病，并需评估药力不足、过量与新病风险。,药理,2,是,
药理,MED03,泄,描述药神如何解决原局之病，并需评估药力不足、过量与新病风险。,药理,3,是,
药理,MED04,制,描述药神如何解决原局之病，并需评估药力不足、过量与新病风险。,药理,4,是,
药理,MED05,化,描述药神如何解决原局之病，并需评估药力不足、过量与新病风险。,药理,5,是,
药理,MED06,生,描述药神如何解决原局之病，并需评估药力不足、过量与新病风险。,药理,6,是,
药理,MED07,通,描述药神如何解决原局之病，并需评估药力不足、过量与新病风险。,药理,7,是,
药理,MED08,润,描述药神如何解决原局之病，并需评估药力不足、过量与新病风险。,药理,8,是,
药理,MED09,暖,描述药神如何解决原局之病，并需评估药力不足、过量与新病风险。,药理,9,是,
药理,MED10,燥湿,描述药神如何解决原局之病，并需评估药力不足、过量与新病风险。,药理,10,是,
药理,MED11,清杂,描述药神如何解决原局之病，并需评估药力不足、过量与新病风险。,药理,11,是,
药理,MED12,护格,描述药神如何解决原局之病，并需评估药力不足、过量与新病风险。,药理,12,是,
药理,MED13,救应,描述药神如何解决原局之病，并需评估药力不足、过量与新病风险。,药理,13,是,
药理,MED14,复合药理,描述药神如何解决原局之病，并需评估药力不足、过量与新病风险。,药理,14,是,
药理,MED15,待定,描述药神如何解决原局之病，并需评估药力不足、过量与新病风险。,药理,15,是,
温度状态,TMP01,极寒,温度状态的标准选项：极寒。具体成立条件由对应模块规则定义。,温度状态,1,是,
温度状态,TMP02,偏寒,温度状态的标准选项：偏寒。具体成立条件由对应模块规则定义。,温度状态,2,是,
温度状态,TMP03,平衡,温度状态的标准选项：平衡。具体成立条件由对应模块规则定义。,温度状态,3,是,
温度状态,TMP04,偏暖,温度状态的标准选项：偏暖。具体成立条件由对应模块规则定义。,温度状态,4,是,
温度状态,TMP05,极热,温度状态的标准选项：极热。具体成立条件由对应模块规则定义。,温度状态,5,是,
温度状态,TMP06,待定,温度状态的标准选项：待定。具体成立条件由对应模块规则定义。,温度状态,6,是,
湿度状态,HUM01,极湿,湿度状态的标准选项：极湿。具体成立条件由对应模块规则定义。,湿度状态,1,是,
湿度状态,HUM02,偏湿,湿度状态的标准选项：偏湿。具体成立条件由对应模块规则定义。,湿度状态,2,是,
湿度状态,HUM03,平衡,湿度状态的标准选项：平衡。具体成立条件由对应模块规则定义。,湿度状态,3,是,
湿度状态,HUM04,偏燥,湿度状态的标准选项：偏燥。具体成立条件由对应模块规则定义。,湿度状态,4,是,
湿度状态,HUM05,极燥,湿度状态的标准选项：极燥。具体成立条件由对应模块规则定义。,湿度状态,5,是,
湿度状态,HUM06,待定,湿度状态的标准选项：待定。具体成立条件由对应模块规则定义。,湿度状态,6,是,
评估轴,AX01,寒暖轴,评估轴的标准选项：寒暖轴。具体成立条件由对应模块规则定义。,评估轴,1,是,
评估轴,AX02,燥湿轴,评估轴的标准选项：燥湿轴。具体成立条件由对应模块规则定义。,评估轴,2,是,
评估轴,AX03,寒暖燥湿综合,评估轴的标准选项：寒暖燥湿综合。具体成立条件由对应模块规则定义。,评估轴,3,是,
调候紧急度,URG01,低,调候紧急度的标准选项：低。具体成立条件由对应模块规则定义。,调候紧急度,1,是,
调候紧急度,URG02,中,调候紧急度的标准选项：中。具体成立条件由对应模块规则定义。,调候紧急度,2,是,
调候紧急度,URG03,高,调候紧急度的标准选项：高。具体成立条件由对应模块规则定义。,调候紧急度,3,是,
调候紧急度,URG04,首要,调候紧急度的标准选项：首要。具体成立条件由对应模块规则定义。,调候紧急度,4,是,
调候紧急度,URG05,待定,调候紧急度的标准选项：待定。具体成立条件由对应模块规则定义。,调候紧急度,5,是,
流通状态,FLOW01,通畅,流通状态的标准选项：通畅。具体成立条件由对应模块规则定义。,流通状态,1,是,
流通状态,FLOW02,基本通畅,流通状态的标准选项：基本通畅。具体成立条件由对应模块规则定义。,流通状态,2,是,
流通状态,FLOW03,局部阻塞,流通状态的标准选项：局部阻塞。具体成立条件由对应模块规则定义。,流通状态,3,是,
流通状态,FLOW04,明显阻断,流通状态的标准选项：明显阻断。具体成立条件由对应模块规则定义。,流通状态,4,是,
流通状态,FLOW05,无有效路径,流通状态的标准选项：无有效路径。具体成立条件由对应模块规则定义。,流通状态,5,是,
流通状态,FLOW06,待定,流通状态的标准选项：待定。具体成立条件由对应模块规则定义。,流通状态,6,是,
卡点类型,BLOCK01,缺桥,卡点类型的标准选项：缺桥。具体成立条件由对应模块规则定义。,卡点类型,1,是,
卡点类型,BLOCK02,桥梁太弱,卡点类型的标准选项：桥梁太弱。具体成立条件由对应模块规则定义。,卡点类型,2,是,
卡点类型,BLOCK03,桥梁被克,卡点类型的标准选项：桥梁被克。具体成立条件由对应模块规则定义。,卡点类型,3,是,
卡点类型,BLOCK04,桥梁被合绊,卡点类型的标准选项：桥梁被合绊。具体成立条件由对应模块规则定义。,卡点类型,4,是,
卡点类型,BLOCK05,源头过旺无泄,卡点类型的标准选项：源头过旺无泄。具体成立条件由对应模块规则定义。,卡点类型,5,是,
卡点类型,BLOCK06,终点过弱不能承载,卡点类型的标准选项：终点过弱不能承载。具体成立条件由对应模块规则定义。,卡点类型,6,是,
卡点类型,BLOCK07,终点过旺反制,卡点类型的标准选项：终点过旺反制。具体成立条件由对应模块规则定义。,卡点类型,7,是,
卡点类型,BLOCK08,两强相战,卡点类型的标准选项：两强相战。具体成立条件由对应模块规则定义。,卡点类型,8,是,
卡点类型,BLOCK09,寒凝,卡点类型的标准选项：寒凝。具体成立条件由对应模块规则定义。,卡点类型,9,是,
卡点类型,BLOCK10,燥枯,卡点类型的标准选项：燥枯。具体成立条件由对应模块规则定义。,卡点类型,10,是,
卡点类型,BLOCK11,链路过长,卡点类型的标准选项：链路过长。具体成立条件由对应模块规则定义。,卡点类型,11,是,
卡点类型,BLOCK12,回流壅塞,卡点类型的标准选项：回流壅塞。具体成立条件由对应模块规则定义。,卡点类型,12,是,
卡点类型,BLOCK13,其他,卡点类型的标准选项：其他。具体成立条件由对应模块规则定义。,卡点类型,13,是,
组合类别,COMB01,生化型,组合类别的标准选项：生化型。具体成立条件由对应模块规则定义。,组合类别,1,是,
组合类别,COMB02,制化型,组合类别的标准选项：制化型。具体成立条件由对应模块规则定义。,组合类别,2,是,
组合类别,COMB03,平衡承载型,组合类别的标准选项：平衡承载型。具体成立条件由对应模块规则定义。,组合类别,3,是,
组合类别,COMB04,冲突病态型,组合类别的标准选项：冲突病态型。具体成立条件由对应模块规则定义。,组合类别,4,是,
组合类别,COMB05,其他,组合类别的标准选项：其他。具体成立条件由对应模块规则定义。,组合类别,5,是,
用神来源,USE01,扶抑用神,用神来源的标准选项：扶抑用神。具体成立条件由对应模块规则定义。,用神来源,1,是,
用神来源,USE02,格局用神,用神来源的标准选项：格局用神。具体成立条件由对应模块规则定义。,用神来源,2,是,
用神来源,USE03,通关用神,用神来源的标准选项：通关用神。具体成立条件由对应模块规则定义。,用神来源,3,是,
用神来源,USE04,调候用神,用神来源的标准选项：调候用神。具体成立条件由对应模块规则定义。,用神来源,4,是,
用神来源,USE05,病药用神,用神来源的标准选项：病药用神。具体成立条件由对应模块规则定义。,用神来源,5,是,
用神来源,USE06,复合来源,用神来源的标准选项：复合来源。具体成立条件由对应模块规则定义。,用神来源,6,是,
主次优先级,UPR01,第一顺位,主次优先级的标准选项：第一顺位。具体成立条件由对应模块规则定义。,主次优先级,1,是,
主次优先级,UPR02,第二顺位,主次优先级的标准选项：第二顺位。具体成立条件由对应模块规则定义。,主次优先级,2,是,
主次优先级,UPR03,第三顺位,主次优先级的标准选项：第三顺位。具体成立条件由对应模块规则定义。,主次优先级,3,是,
主次优先级,UPR04,条件顺位,主次优先级的标准选项：条件顺位。具体成立条件由对应模块规则定义。,主次优先级,4,是,
主次优先级,UPR05,不采用,主次优先级的标准选项：不采用。具体成立条件由对应模块规则定义。,主次优先级,5,是,
主次优先级,UPR06,待定,主次优先级的标准选项：待定。具体成立条件由对应模块规则定义。,主次优先级,6,是,
必填性,REQ01,必填,必填性的标准选项：必填。具体成立条件由对应模块规则定义。,必填性,1,是,
必填性,REQ02,条件必填,必填性的标准选项：条件必填。具体成立条件由对应模块规则定义。,必填性,2,是,
必填性,REQ03,选填,必填性的标准选项：选填。具体成立条件由对应模块规则定义。,必填性,3,是,
必填性,REQ04,内部字段,必填性的标准选项：内部字段。具体成立条件由对应模块规则定义。,必填性,4,是,
输出层级,OUT01,内部推理,输出层级的标准选项：内部推理。具体成立条件由对应模块规则定义。,输出层级,1,是,
输出层级,OUT02,分析师输出,输出层级的标准选项：分析师输出。具体成立条件由对应模块规则定义。,输出层级,2,是,
输出层级,OUT03,用户输出,输出层级的标准选项：用户输出。具体成立条件由对应模块规则定义。,输出层级,3,是,
输出层级,OUT04,三层通用,输出层级的标准选项：三层通用。具体成立条件由对应模块规则定义。,输出层级,4,是,
数据类型,DT01,短文本,数据类型的标准选项：短文本。具体成立条件由对应模块规则定义。,数据类型,1,是,
数据类型,DT02,长文本,数据类型的标准选项：长文本。具体成立条件由对应模块规则定义。,数据类型,2,是,
数据类型,DT03,枚举,数据类型的标准选项：枚举。具体成立条件由对应模块规则定义。,数据类型,3,是,
数据类型,DT04,整数,数据类型的标准选项：整数。具体成立条件由对应模块规则定义。,数据类型,4,是,
数据类型,DT05,小数,数据类型的标准选项：小数。具体成立条件由对应模块规则定义。,数据类型,5,是,
数据类型,DT06,日期,数据类型的标准选项：日期。具体成立条件由对应模块规则定义。,数据类型,6,是,
数据类型,DT07,布尔/条件,数据类型的标准选项：布尔/条件。具体成立条件由对应模块规则定义。,数据类型,7,是,
数据类型,DT08,Rule_ID引用,数据类型的标准选项：Rule_ID引用。具体成立条件由对应模块规则定义。,数据类型,8,是,
数据类型,DT09,多值标签,数据类型的标准选项：多值标签。具体成立条件由对应模块规则定义。,数据类型,9,是,
性别,SEX01,男,性别的标准选项：男。具体成立条件由对应模块规则定义。,性别,1,是,
性别,SEX02,女,性别的标准选项：女。具体成立条件由对应模块规则定义。,性别,2,是,
性别,SEX03,未知/不适用,性别的标准选项：未知/不适用。具体成立条件由对应模块规则定义。,性别,3,是,
测试类型,TEST01,正例,测试类型的标准选项：正例。具体成立条件由对应模块规则定义。,测试类型,1,是,
测试类型,TEST02,反例,测试类型的标准选项：反例。具体成立条件由对应模块规则定义。,测试类型,2,是,
测试类型,TEST03,边界案例,测试类型的标准选项：边界案例。具体成立条件由对应模块规则定义。,测试类型,3,是,
测试类型,TEST04,回归测试,测试类型的标准选项：回归测试。具体成立条件由对应模块规则定义。,测试类型,4,是,
测试类型,TEST05,争议测试,测试类型的标准选项：争议测试。具体成立条件由对应模块规则定义。,测试类型,5,是,
测试类型,TEST06,综合案例,测试类型的标准选项：综合案例。具体成立条件由对应模块规则定义。,测试类型,6,是,
测试结果,TRES01,未测试,测试结果的标准选项：未测试。具体成立条件由对应模块规则定义。,复测结果、测试结果,1,是,
测试结果,TRES02,通过,实际结果与预期一致，未发现需要修订的关键偏差。,复测结果、测试结果,2,是,
测试结果,TRES03,部分通过,主要结论正确，但边界、输出或中间步骤需要修订。,复测结果、测试结果,3,是,
测试结果,TRES04,未通过,实际结果与预期冲突，规则需要重写、降级或停用。,复测结果、测试结果,4,是,
测试结果,TRES05,待复核,测试结果的标准选项：待复核。具体成立条件由对应模块规则定义。,复测结果、测试结果,5,是,
议题类型,ISS01,流派争议,议题类型的标准选项：流派争议。具体成立条件由对应模块规则定义。,议题类型,1,是,
议题类型,ISS02,规则冲突,议题类型的标准选项：规则冲突。具体成立条件由对应模块规则定义。,议题类型,2,是,
议题类型,ISS03,案例反证,议题类型的标准选项：案例反证。具体成立条件由对应模块规则定义。,议题类型,3,是,
议题类型,ISS04,定义修订,议题类型的标准选项：定义修订。具体成立条件由对应模块规则定义。,议题类型,4,是,
议题类型,ISS05,权重修订,议题类型的标准选项：权重修订。具体成立条件由对应模块规则定义。,议题类型,5,是,
议题类型,ISS06,例外补充,议题类型的标准选项：例外补充。具体成立条件由对应模块规则定义。,议题类型,6,是,
议题类型,ISS07,版本变更,议题类型的标准选项：版本变更。具体成立条件由对应模块规则定义。,议题类型,7,是,
争议级别,DISP01,无,争议级别的标准选项：无。具体成立条件由对应模块规则定义。,争议级别,1,是,
争议级别,DISP02,低,争议级别的标准选项：低。具体成立条件由对应模块规则定义。,争议级别,2,是,
争议级别,DISP03,中,争议级别的标准选项：中。具体成立条件由对应模块规则定义。,争议级别,3,是,
争议级别,DISP04,高,争议级别的标准选项：高。具体成立条件由对应模块规则定义。,争议级别,4,是,
变更类型,CHG01,新增,变更类型的标准选项：新增。具体成立条件由对应模块规则定义。,变更类型,1,是,
变更类型,CHG02,修订,变更类型的标准选项：修订。具体成立条件由对应模块规则定义。,变更类型,2,是,
变更类型,CHG03,拆分,变更类型的标准选项：拆分。具体成立条件由对应模块规则定义。,变更类型,3,是,
变更类型,CHG04,合并,变更类型的标准选项：合并。具体成立条件由对应模块规则定义。,变更类型,4,是,
变更类型,CHG05,停用,变更类型的标准选项：停用。具体成立条件由对应模块规则定义。,变更类型,5,是,
变更类型,CHG06,恢复,变更类型的标准选项：恢复。具体成立条件由对应模块规则定义。,变更类型,6,是,
变更类型,CHG07,仅文字优化,变更类型的标准选项：仅文字优化。具体成立条件由对应模块规则定义。,变更类型,7,是,
处理状态,HND01,待讨论,处理状态的标准选项：待讨论。具体成立条件由对应模块规则定义。,处理状态,1,是,
处理状态,HND02,待验证,处理状态的标准选项：待验证。具体成立条件由对应模块规则定义。,处理状态,2,是,
处理状态,HND03,已采纳,处理状态的标准选项：已采纳。具体成立条件由对应模块规则定义。,处理状态,3,是,
处理状态,HND04,不采纳,处理状态的标准选项：不采纳。具体成立条件由对应模块规则定义。,处理状态,4,是,
处理状态,HND05,延期,处理状态的标准选项：延期。具体成立条件由对应模块规则定义。,处理状态,5,是,
处理状态,HND06,已生效,处理状态的标准选项：已生效。具体成立条件由对应模块规则定义。,处理状态,6,是,
数据来源类型,SRC01,经典原文,数据来源类型的标准选项：经典原文。具体成立条件由对应模块规则定义。,数据来源类型,1,是,
数据来源类型,SRC02,古法注解,数据来源类型的标准选项：古法注解。具体成立条件由对应模块规则定义。,数据来源类型,2,是,
数据来源类型,SRC03,现代著作,数据来源类型的标准选项：现代著作。具体成立条件由对应模块规则定义。,数据来源类型,3,是,
数据来源类型,SRC04,实证案例,数据来源类型的标准选项：实证案例。具体成立条件由对应模块规则定义。,数据来源类型,4,是,
数据来源类型,SRC05,内部归纳,数据来源类型的标准选项：内部归纳。具体成立条件由对应模块规则定义。,数据来源类型,5,是,
数据来源类型,SRC06,争议规则,数据来源类型的标准选项：争议规则。具体成立条件由对应模块规则定义。,数据来源类型,6,是,
数据来源类型,SRC07,未知,数据来源类型的标准选项：未知。具体成立条件由对应模块规则定义。,数据来源类型,7,是,
建设阶段,PH01,第一阶段_基础关系,标记模块在知识库建设路线中的先后阶段。,建设阶段,1,是,
建设阶段,PH02,第二阶段_旺衰十神,标记模块在知识库建设路线中的先后阶段。,建设阶段,2,是,
建设阶段,PH03,第三阶段_流通格局,标记模块在知识库建设路线中的先后阶段。,建设阶段,3,是,
建设阶段,PH04,第四阶段_病药用神测试,标记模块在知识库建设路线中的先后阶段。,建设阶段,4,是,
当前状态,CUR01,未开始,标记模块目前处于框架、填充、测试或发布阶段。,当前状态,1,是,
当前状态,CUR02,框架完成,标记模块目前处于框架、填充、测试或发布阶段。,当前状态,2,是,
当前状态,CUR03,核心规则填充,标记模块目前处于框架、填充、测试或发布阶段。,当前状态,3,是,
当前状态,CUR04,测试中,标记模块目前处于框架、填充、测试或发布阶段。,当前状态,4,是,
当前状态,CUR05,已发布,标记模块目前处于框架、填充、测试或发布阶段。,当前状态,5,是,
版本号,VER01,V0.1,版本号的标准选项：V0.1。具体成立条件由对应模块规则定义。,版本号,1,是,
版本号,VER02,V0.2,版本号的标准选项：V0.2。具体成立条件由对应模块规则定义。,版本号,2,是,
版本号,VER07,V0.3,版本号的标准选项：V0.3。完成M04与M05关系识别层核心规则。,版本号,3,是,关系识别规则版
版本号,VER03,V0.9,版本号的标准选项：V0.9。具体成立条件由对应模块规则定义。,版本号,6,是,
版本号,VER04,V1.0,版本号的标准选项：V1.0。具体成立条件由对应模块规则定义。,版本号,7,是,
版本号,VER05,V1.1,版本号的标准选项：V1.1。具体成立条件由对应模块规则定义。,版本号,8,是,
版本号,VER06,V2.0,版本号的标准选项：V2.0。具体成立条件由对应模块规则定义。,版本号,9,是,
规则子类,M04-HE,M04｜天干五合,M04中用于固定五组天干五合配对的子类代码。,子类代码,1,是,首次用于V0.3
规则子类,M04-KE,M04｜天干相克,M04中用于二十组有向天干相克路径的子类代码。,子类代码,2,是,首次用于V0.3
规则子类,M04-POS,M04｜柱位标记,M04中用于年月、月日、日时、年日、月时、年时柱位实例化的子类代码。,子类代码,3,是,首次用于V0.3
规则子类,M04-HHC,M04｜合化候选,M04中用于五合化神候选生成而不裁定合化成立的子类代码。,子类代码,4,是,首次用于V0.3
规则子类,M04-ZHENG,M04｜争合,M04中用于同一五合配对一方重复、多关系共享节点的子类代码。,子类代码,5,是,首次用于V0.3
规则子类,M04-DUHE,M04｜妒合,M04中用于保留妒合流派标签及术语边界的子类代码。,子类代码,6,是,首次用于V0.3
规则子类,M04-GEHE,M04｜隔合,M04中用于隔位五合位置标签的子类代码。,子类代码,7,是,首次用于V0.3
规则子类,M04-YAOHE,M04｜遥合,M04中用于年时遥隔五合位置标签的子类代码。,子类代码,8,是,首次用于V0.3
规则子类,M04-OVER,M04｜多重关系,M04中用于合克并见、共享节点和多重关系实例的子类代码。,子类代码,9,是,首次用于V0.3
规则子类,M04-BOUND,M04｜识别边界,M04中用于藏干、关系分类及识别—效应分层边界的子类代码。,子类代码,10,是,首次用于V0.3
规则子类,M05-LIUHE,M05｜六合,M05中用于六组地支六合配对的子类代码。,子类代码,11,是,首次用于V0.3
规则子类,M05-SANHE,M05｜三合,M05中用于四组三合完整结构的子类代码。,子类代码,12,是,首次用于V0.3
规则子类,M05-BANHE,M05｜半合,M05中用于含中神的八组半合结构的子类代码。,子类代码,13,是,首次用于V0.3
规则子类,M05-GONGHE,M05｜拱合,M05中用于三合两端齐、中神缺失的四组拱合结构的子类代码。,子类代码,14,是,首次用于V0.3
规则子类,M05-SANHUI,M05｜三会,M05中用于四组三会完整结构的子类代码。,子类代码,15,是,首次用于V0.3
规则子类,M05-CHONG,M05｜六冲,M05中用于六组地支相冲配对的子类代码。,子类代码,16,是,首次用于V0.3
规则子类,M05-XING,M05｜三刑,M05中用于寅巳申、丑未戌与子卯刑的局部及完整结构子类代码。,子类代码,17,是,首次用于V0.3
规则子类,M05-ZIXING,M05｜自刑,M05中用于辰、午、酉、亥重复自刑候选的子类代码。,子类代码,18,是,首次用于V0.3
规则子类,M05-HAI,M05｜六害,M05中用于六组地支相害配对的子类代码。,子类代码,19,是,首次用于V0.3
规则子类,M05-PO,M05｜六破,M05中用于六组地支相破配对及争议权重管理的子类代码。,子类代码,20,是,首次用于V0.3
规则子类,M05-POS,M05｜柱位标记,M05中用于地支关系柱位实例化的子类代码。,子类代码,21,是,首次用于V0.3
规则子类,M05-SUIYUN,M05｜岁运补齐,M05中用于静态原局部分结构与动态岁运补齐接口的子类代码。,子类代码,22,是,首次用于V0.3
规则子类,M05-OVER,M05｜多重关系,M05中用于同一支或同一对支多重关系并存的子类代码。,子类代码,23,是,首次用于V0.3
规则子类,M05-BOUND,M05｜识别边界,M05中用于完整度、藏干替代、成局与效应分层边界的子类代码。,子类代码,24,是,首次用于V0.3
版本号,VER08,V0.4,版本号的标准选项：V0.4。完成M06干支关系实际效应核心规则。,版本号,4,是,关系效应规则版
规则子类,M06-TGHE,M06｜天干合效应,M06中用于天干五合的合动、合绊、合住、位置与争合效应。,子类代码,25,是,首次用于V0.4
规则子类,M06-TGHUA,M06｜天干合化,M06中用于五合化神门槛、固定化神方向、拒化与局部化意。,子类代码,26,是,首次用于V0.4
规则子类,M06-TGKE,M06｜天干相克效应,M06中用于天干相克的强弱、互耗、生扶缓冲及合克并见。,子类代码,27,是,首次用于V0.4
规则子类,M06-LIUHE,M06｜六合效应,M06中用于六合的合动、合绊、条件性化向与合冲裁决。,子类代码,28,是,首次用于V0.4
规则子类,M06-SANHE,M06｜三合效应,M06中用于三合成局门槛、中神、透干、破局与原支保留。,子类代码,29,是,首次用于V0.4
规则子类,M06-SANHUI,M06｜三会效应,M06中用于三会方局的季节气势、成局与共享节点归属。,子类代码,30,是,首次用于V0.4
规则子类,M06-BANGONG,M06｜半合拱合效应,M06中用于半合与拱合分级、中神作用和岁运补齐。,子类代码,31,是,首次用于V0.4
规则子类,M06-CHONG,M06｜六冲效应,M06中用于冲动、冲旺、冲弱、冲散、冲开、冲去、开库与根气变化。,子类代码,32,是,首次用于V0.4
规则子类,M06-XING,M06｜三刑效应,M06中用于三刑的刑动、刑伤、藏干引动、完整度与重叠关系。,子类代码,33,是,首次用于V0.4
规则子类,M06-ZIXING,M06｜自刑效应,M06中用于自刑启动、同气壅滞、弱支边界与主次裁决。,子类代码,34,是,首次用于V0.4
规则子类,M06-HAI,M06｜六害效应,M06中用于六害的暗损、桥梁阻滞与低权重条件修正。,子类代码,35,是,首次用于V0.4
规则子类,M06-PO,M06｜六破效应,M06中用于六破的连接松动、合局稳定性与低权重边界。,子类代码,36,是,首次用于V0.4
规则子类,M06-OVER,M06｜多重关系裁决,M06中用于合冲刑害破并见、共享节点归属与五步链式裁决。,子类代码,37,是,首次用于V0.4
规则子类,M06-BOUND,M06｜效应边界,M06中用于固定分值禁用、逐对象输出、根气与藏干边界及下游接口。,子类代码,38,是,首次用于V0.4
版本号,VER09,V0.5,版本号的标准选项：V0.5。完成M07五行原始旺衰核心规则。,版本号,5,是,五行原始旺衰规则版
规则子类,M07-SEAS,M07｜季令证据,M07中用于得令、旺相休囚死、四季土月、交节校验与季令去重。,子类代码,39,是,首次用于V0.5
规则子类,M07-ROOT,M07｜根气证据,M07中用于本中余气根、多根、库根、无根、透根相应及原始根边界。,子类代码,40,是,首次用于V0.5
规则子类,M07-STEM,M07｜透干显露,M07中用于单透、多透、浮干、藏而不透、透干位置与透根共源去重。,子类代码,41,是,首次用于V0.5
规则子类,M07-SOURCE,M07｜生源支持,M07中用于直接生源、强弱生源、多源、供给上限与生源缺失。,子类代码,42,是,首次用于V0.5
规则子类,M07-ALLY,M07｜同党与数量,M07中用于天干地支同党、干支呼应、集中度、阴阳同类与数量边界。,子类代码,43,是,首次用于V0.5
规则子类,M07-MOMENT,M07｜成势聚势,M07中用于多维汇合、位置覆盖、方向性聚势、反季节成党与成势去重。,子类代码,44,是,首次用于V0.5
规则子类,M07-CHAIN,M07｜连续生扶,M07中用于一段链、两段链、显露链、有根链、缺桥与链长衰减。,子类代码,45,是,首次用于V0.5
规则子类,M07-AGG,M07｜综合分级,M07中用于证据矩阵、七级旺衰、极端门槛、中和区间与输出规范。,子类代码,46,是,首次用于V0.5
规则子类,M07-BOUND,M07｜原始旺衰边界,M07中用于原始—有效分层、非机械计分、强弱喜忌分离与证据容量约束。,子类代码,47,是,首次用于V0.5
版本号,VER10,V0.6,版本号的标准选项：V0.6。完成M08五行有效旺衰核心规则。,版本号,6,是,五行有效旺衰规则版
规则子类,M08-ROOT,M08｜根气有效性,M08中用于根气受冲合刑害、墓库、改性与独立节点容量的有效性修正。,子类代码,48,是,首次用于V0.6
规则子类,M08-SOURCE,M08｜生源有效性,M08中用于强弱生源、合绊改性、供给冗余、容量分配与生扶链中断。,子类代码,49,是,首次用于V0.6
规则子类,M08-STEM,M08｜透达有效性,M08中用于透干、藏而不透、合绊合化、受克、位置与多透边际递减。,子类代码,50,是,首次用于V0.6
规则子类,M08-CONTROL,M08｜克制修正,M08中用于强克弱、弱克强、势均相克、制化、通关与克力容量。,子类代码,51,是,首次用于V0.6
规则子类,M08-LEAK,M08｜泄气修正,M08中用于主动泄气、弱泄、多路泄出、泄神受制与连续导流。,子类代码,52,是,首次用于V0.6
规则子类,M08-DRAIN,M08｜耗气修正,M08中用于主动克耗、强弱耗对象、多路耗力、容量约束与承载不足。,子类代码,53,是,首次用于V0.6
规则子类,M08-TRANS,M08｜合化会局改性,M08中用于天干合化、六合、三合、三会、半合、拱合及共享节点的力量重分配。,子类代码,54,是,首次用于V0.6
规则子类,M08-REL,M08｜冲刑害破修正,M08中用于六冲、三刑、自刑、六害、六破及多重关系的净效应修正。,子类代码,55,是,首次用于V0.6
规则子类,M08-CLIM,M08｜寒暖燥湿修正,M08中用于气候条件对五行透达、持续性、生发与可用性的接口修正。,子类代码,56,是,首次用于V0.6
规则子类,M08-FLOW,M08｜流通效率修正,M08中用于桥梁、缺桥、壅塞、承载不足及生化链传递效率。,子类代码,57,是,首次用于V0.6
规则子类,M08-AGG,M08｜有效旺衰综合分级,M08中用于七级有效旺衰、极端门槛、中和区间、反证与置信度。,子类代码,58,是,首次用于V0.6
规则子类,M08-BOUND,M08｜有效旺衰边界,M08中用于喜忌隔离、证据去重、非机械计分与争议降置信。,子类代码,59,是,首次用于V0.6
版本号,VER11,V0.7,版本号的标准选项：V0.7。完成M09日主旺衰核心规则。,版本号,7,是,日主旺衰规则版
规则子类,M09-LING,M09｜得令证据,M09中用于季令强弱、得令非充分条件、失令反强、四季月及月令证据去重。,子类代码,60,是,首次用于V0.7
规则子类,M09-DI,M09｜得地证据,M09中用于本中余气根、多根、无根、受冲根、日支根及根气可调用性。,子类代码,61,是,首次用于V0.7
规则子类,M09-SHI,M09｜得势证据,M09中用于印比集团、数量质量、干支覆盖、扶身链、双集团对比与得势边界。,子类代码,62,是,首次用于V0.7
规则子类,M09-SHENG,M09｜得生证据,M09中用于有效印源、印受损、强印无根、多印、生源容量、链式生扶与印比协同。,子类代码,63,是,首次用于V0.7
规则子类,M09-KE,M09｜受制证据,M09中用于官杀制身、官杀成势、制化修正、杀印流向、承载差异与容量去重。,子类代码,64,是,首次用于V0.7
规则子类,M09-XIE,M09｜受泄证据,M09中用于食伤泄身、泄身成势、印制食伤、连续泄耗及泄克分型。,子类代码,65,是,首次用于V0.7
规则子类,M09-HAO,M09｜受耗证据,M09中用于财星耗身、财势、财受制、强身任财、泄耗链去重及多负荷边界。,子类代码,66,是,首次用于V0.7
规则子类,M09-SYN,M09｜综合比较,M09中用于扶身侧与负荷侧净优势、强证据优先、节点去重、双强双弱与冲突降置信。,子类代码,67,是,首次用于V0.7
规则子类,M09-GRADE,M09｜七级综合分级,M09中用于极弱、弱、中和偏弱、中和、中和偏旺、旺、极旺及相邻等级边界。,子类代码,68,是,首次用于V0.7
规则子类,M09-BOUND,M09｜日主旺衰边界,M09中用于非机械计分、数量边界、喜忌隔离、特殊格局接口、静动态分离与输出规范。,子类代码,69,是,首次用于V0.7
版本号,VER12,V0.8,版本号的标准选项：V0.8。完成M10十神旺衰功能核心规则。,版本号,8,是,十神旺衰功能规则版
规则子类,M10-PRES,M10｜十神存在性,M10中用于透干、藏支、多处出现、完全不现、正偏并见及静动态存在边界。,子类代码,70,是,首次用于V0.8
规则子类,M10-POWER,M10｜十神有效力量,M10中用于从M08继承有效力量、多节点汇总、季令根气、生源制约及七级分级。,子类代码,71,是,首次用于V0.8
规则子类,M10-PURE,M10｜十神清纯度,M10中用于正偏并见、主次清晰、混杂程度及清纯度与喜忌分离。,子类代码,72,是,首次用于V0.8
规则子类,M10-BIJIE,M10｜比劫功能,M10中用于比肩劫财的扶身、抗制、制财、成势、过度和双重功能。,子类代码,73,是,首次用于V0.8
规则子类,M10-YIN,M10｜印星功能,M10中用于印星生身、化官杀、制食伤、财制印、印比协同及印过度。,子类代码,74,是,首次用于V0.8
规则子类,M10-SHISHANG,M10｜食伤功能,M10中用于泄身、生财、制杀、克官、泄秀、过泄及枭制食伤。,子类代码,75,是,首次用于V0.8
规则子类,M10-CAI,M10｜财星功能,M10中用于财星耗身、生官杀、制印、受比劫制、任财与财多身弱候选。,子类代码,76,是,首次用于V0.8
规则子类,M10-GUANSHA,M10｜官杀功能,M10中用于官杀制身、生印、制化、官杀混杂、清化及日主承载。,子类代码,77,是,首次用于V0.8
规则子类,M10-BAL,M10｜功能制化状态,M10中用于正常、受限、转化、失效、过度、制化平衡和制化失衡。,子类代码,78,是,首次用于V0.8
规则子类,M10-ROLE,M10｜组合格局接口,M10中用于向M11/M14生成食神制杀、伤官配印、官印、杀印、食伤生财等候选。,子类代码,79,是,首次用于V0.8
规则子类,M10-XIJI,M10｜喜忌候选,M10中用于根据日主承载、主要矛盾、收益与副作用生成条件性喜忌候选。,子类代码,80,是,首次用于V0.8
规则子类,M10-BOUND,M10｜十神判断边界,M10中用于旺衰吉凶分离、象义事件隔离、静动态分离、争议治理和标准输出。,子类代码,81,是,首次用于V0.8
版本号,VER13,V0.9,版本号的标准选项：V0.9。完成M11十神组合成立核心规则。,版本号,9,是,十神组合成立规则版
规则子类,M11-GEN,M11｜组合通用判定,M11中用于候选生成、路径必要性、力量匹配、日主承载、容量去重、破坏救应及格局分层。,子类代码,82,是,首次用于V0.9
规则子类,M11-SHIZHI,M11｜食神制杀,M11中用于食神制杀的主体客体、制杀比例、枭夺食、财制枭、制杀太过与承载。,子类代码,83,是,首次用于V0.9
规则子类,M11-SHAYIN,M11｜杀印相生,M11中用于七杀生印、印生身、化杀不及、财坏印及制化路线竞争。,子类代码,84,是,首次用于V0.9
规则子类,M11-GUANYIN,M11｜官印相生,M11中用于官生印、印生身、伤官破官、财星双效与清纯增强。,子类代码,85,是,首次用于V0.9
规则子类,M11-SHANGYIN,M11｜伤官配印,M11中用于伤官与印星力量匹配、财坏印、印制太过、日主承载及救官。,子类代码,86,是,首次用于V0.9
规则子类,M11-SHENGCAI,M11｜食伤生财,M11中用于食神生财、伤官生财、财星承载、比劫破财、印制食伤及身强弱负荷。,子类代码,87,是,首次用于V0.9
规则子类,M11-CAIGUAN,M11｜财官生化链,M11中用于财生官、财生杀、财官印相生、财坏印副作用及日主承载。,子类代码,88,是,首次用于V0.9
规则子类,M11-BALANCE,M11｜平衡承载组合,M11中用于身财两停、身官两停、身杀两停、身旺任财官及身弱得印比承载。,子类代码,89,是,首次用于V0.9
规则子类,M11-PATH,M11｜其他制化路径,M11中用于比劫制财护身、羊刃驾杀、印化官杀与食伤泄秀等结构。,子类代码,90,是,首次用于V0.9
规则子类,M11-CONFLICT,M11｜冲突病态组合,M11中用于伤官见官、枭神夺食、比劫夺财、财坏印、官杀混杂、制杀太过、财多身弱等。,子类代码,91,是,首次用于V0.9
规则子类,M11-BOUND,M11｜组合判断边界,M11中用于组合命名、位置、藏干、共享节点、静动态、口诀条件化、流派治理和标准输出。,子类代码,92,是,首次用于V0.9
版本号,VER14,V1.0,版本号的标准选项：V1.0。完成M12五行流通卡点核心规则。,版本号,10,是,五行流通卡点规则版
规则子类,M12-GEN,M12｜流通通用模型,M12中用于起点—桥梁—终点模型、有效力量、路径长度、节点容量、主路径与局部/全局流通边界。,子类代码,93,是,首次用于V1.0
规则子类,M12-SOURCE,M12｜源头状态,M12中用于强源无泄、弱源不足、源头受克合、多源供给与入口拥堵。,子类代码,94,是,首次用于V1.0
规则子类,M12-BRIDGE,M12｜桥梁有效性,M12中用于桥梁强弱、受克、合绊、改性、寒凝燥枯、共享容量与通关稳定性。,子类代码,95,是,首次用于V1.0
规则子类,M12-END,M12｜终点承载,M12中用于终点过弱、过旺反制、受克、改性、多源汇聚及阶段性终点承载。,子类代码,96,是,首次用于V1.0
规则子类,M12-BLOCK,M12｜典型卡点,M12中用于缺桥、桥弱、桥被克合、源头无泄、终点失衡、两强相战、寒凝燥枯、链长与回流壅塞。,子类代码,97,是,首次用于V1.0
规则子类,M12-WUXING,M12｜五行生化与通关,M12中用于五组连续生化链及五组克战通关的标准路径。,子类代码,98,是,首次用于V1.0
规则子类,M12-TENGOD,M12｜十神功能路径,M12中用于官杀印身、身食伤财、食伤财官杀、财官印等十神连续流通路径。,子类代码,99,是,首次用于V1.0
规则子类,M12-TONGGUAN,M12｜通关候选与副作用,M12中用于通关双向条件、力量门槛、受克合、寒湿燥热及破坏组合等副作用。,子类代码,100,是,首次用于V1.0
规则子类,M12-AGG,M12｜流通综合输出,M12中用于主路径、主卡点、反向证据、通关排序和标准输出。,子类代码,101,是,首次用于V1.0
规则子类,M12-BOUND,M12｜流通判断边界,M12中用于禁止缺啥补啥、旺衰与流通分离、流通与喜忌分离及静动态边界。,子类代码,102,是,首次用于V1.0
版本号,VER15,V1.1,版本号的标准选项：V1.1。完成M13寒暖燥湿核心规则。,版本号,11,是,寒暖燥湿规则版
规则子类,M13-GEN,M13｜调候通用模型,M13中用于寒暖/燥湿双轴、月令基准、五级状态、有效力量、调候与扶抑分离及极端优先级。,子类代码,103,是,首次用于V1.1
规则子类,M13-SEASON,M13｜月令气候基准,M13中用于十二月令的初始温度、湿度倾向及其条件化修正。,子类代码,104,是,首次用于V1.1
规则子类,M13-TEMP,M13｜寒暖修正,M13中用于火水木土金对温度轴的有效修正、平衡与极端功能化。,子类代码,105,是,首次用于V1.1
规则子类,M13-HUMID,M13｜燥湿修正,M13中用于水、湿土、燥土、火、木对湿度轴的修正及极端功能化。,子类代码,106,是,首次用于V1.1
规则子类,M13-COMBO,M13｜双轴组合状态,M13中用于寒湿、寒燥、暖湿、暖燥及温度平衡下偏湿偏燥等复合状态。,子类代码,107,是,首次用于V1.1
规则子类,M13-EFFECT,M13｜调候元素有效性,M13中用于调候五行不现、无根、有根、受克、合绊、改性、过度和作用路径。,子类代码,108,是,首次用于V1.1
规则子类,M13-CONFLICT,M13｜调候冲突与优先级,M13中用于调候与扶抑、格局、通关的一致、冲突、特殊格局约束及根本病升级。,子类代码,109,是,首次用于V1.1
规则子类,M13-BOUND,M13｜调候判断边界,M13中用于冬夏非自动极端、剂量边界、土性条件化、事件隔离和标准输出。,子类代码,110,是,首次用于V1.1
版本号,VER16,V1.2,版本号的标准选项：V1.2。完成M14格局候选判断核心规则。,版本号,12,是,格局候选判断规则版
规则子类,M14-GEN,M14｜候选通用规则,M14中用于多候选生成、月令主气、中余气透干、格神有效性、日主配合、清纯度与组合分层。,子类代码,111,是,首次用于V1.2
规则子类,M14-GUAN,M14｜正官格候选,M14中用于正官格的月令来源、官印财官增强、伤官破官与官杀混杂。,子类代码,112,是,首次用于V1.2
规则子类,M14-SHA,M14｜七杀格候选,M14中用于七杀格的月令来源、食制杀印增强、杀弱否决与官杀混杂。,子类代码,113,是,首次用于V1.2
规则子类,M14-YIN,M14｜印格候选,M14中用于正印、偏印候选、官印杀印增强、财破印与印枭混杂。,子类代码,114,是,首次用于V1.2
规则子类,M14-CAI,M14｜财格候选,M14中用于正财、偏财候选、食伤生财、财官相生、比劫破财与身弱承载。,子类代码,115,是,首次用于V1.2
规则子类,M14-SHISHANG,M14｜食伤格候选,M14中用于食神格、伤官格、生财、制杀、配印、枭夺食与伤官见官。,子类代码,116,是,首次用于V1.2
规则子类,M14-JIANREN,M14｜建禄羊刃候选,M14中用于建禄、羊刃月令映射、取用方向、驾杀、壅塞及阴干羊刃争议。,子类代码,117,是,首次用于V1.2
规则子类,M14-CONG,M14｜从格候选,M14中用于从财、从官杀、从儿、从旺、从强、从势、假从及强根否决。,子类代码,118,是,首次用于V1.2
规则子类,M14-HUAQI,M14｜化气格候选,M14中用于化气通用硬门槛及甲己、乙庚、丙辛、丁壬、戊癸五组化气候选。,子类代码,119,是,首次用于V1.2
规则子类,M14-ZHUAN,M14｜专旺候选,M14中用于专旺通用门槛及曲直、炎上、稼穑、从革、润下五类候选。,子类代码,120,是,首次用于V1.2
规则子类,M14-RANK,M14｜候选排序,M14中用于月令优先、特殊格严格、有效性优先、全局主导、并列保留与标准候选输出。,子类代码,121,是,首次用于V1.2
规则子类,M14-BOUND,M14｜格局候选边界,M14中用于候选与成格分离、禁止月令一字定格、事件隔离与静动态分离。,子类代码,122,是,首次用于V1.2
版本号,VER17,V1.3,版本号的标准选项：V1.3。完成M15格局成败救应核心规则。,版本号,13,是,格局成败救应规则版
规则子类,M15-GEN,M15｜成败通用规则,M15中用于基本成立、清纯成立、轻微/一般/严重/根本破格、多重破格、救应与层次分离。,子类代码,123,是,首次用于V1.3
规则子类,M15-GUAN,M15｜正官格成败,M15中用于正官格成格、官印财官增强、伤官破官、官杀混杂及清化救应。,子类代码,124,是,首次用于V1.3
规则子类,M15-SHA,M15｜七杀格成败,M15中用于七杀格承载、食神制杀、杀印相生、无制无化、制杀太过、枭夺食及救应。,子类代码,125,是,首次用于V1.3
规则子类,M15-YIN,M15｜印格成败,M15中用于正偏印格、官印杀印、财坏印、印多身滞、枭夺食、印枭混杂及护印救应。,子类代码,126,是,首次用于V1.3
规则子类,M15-CAI,M15｜财格成败,M15中用于财格承载、食伤生财、财官相生、身弱不任、比劫夺财、财坏印及护财救应。,子类代码,127,是,首次用于V1.3
规则子类,M15-SHISHANG,M15｜食伤格成败,M15中用于食神格、伤官格、生财、制杀、配印、枭夺食、伤官见官及对应救应。,子类代码,128,是,首次用于V1.3
规则子类,M15-JIANREN,M15｜建禄羊刃成败,M15中用于建禄与羊刃的成格、泄秀、制衡、驾杀、壅塞、杀弱与制刃太过。,子类代码,129,是,首次用于V1.3
规则子类,M15-CONG,M15｜从格成败,M15中用于真从、从财、从官杀、从儿、从旺、从强、从势、假从及有效逆神破格。,子类代码,130,是,首次用于V1.3
规则子类,M15-HUAQI,M15｜化气格成败,M15中用于真化、化神有权、原气强根、争合破化、化神受损、假化与救化。,子类代码,131,是,首次用于V1.3
规则子类,M15-ZHUAN,M15｜专旺格成败,M15中用于专旺、曲直、炎上、稼穑、从革、润下严格成立及逆克与关键杂气破格。,子类代码,132,是,首次用于V1.3
规则子类,M15-RESCUE,M15｜救应有效性,M15中用于无救应、弱/部分/明显/完全救应、副作用、容量、协同、对象限定与事实保留。,子类代码,133,是,首次用于V1.3
规则子类,M15-BOUND,M15｜格局成败边界,M15中用于成立与层次分离、有破非自动否决、事件隔离及原局/岁运分离。,子类代码,134,是,首次用于V1.3
版本号,VER18,V1.4,版本号的标准选项：V1.4。完成M16病药模型核心规则。,版本号,14,是,病药模型规则版
规则子类,M16-GEN,M16｜病药通用逻辑,M16中用于根本病、功能障碍立病、旺弱缺失边界、同象异因、病药相对性与标准证据链。,子类代码,135,是,首次用于V1.4
规则子类,M16-WEAK,M16｜偏弱与承载不足,M16中用于身弱无根、根损、食伤过泄、财多身弱、官杀超承载、关键桥梁/十神偏弱及真从例外。,子类代码,136,是,首次用于V1.4
规则子类,M16-STRONG,M16｜过旺与壅塞,M16中用于比劫旺无出口、印多身滞、极旺源头无泄、功能过度、旺而有用、特殊旺势及药理择路。,子类代码,137,是,首次用于V1.4
规则子类,M16-FLOW,M16｜流通病,M16中用于缺桥、桥弱、桥被克合、源头壅塞、终点失衡、两强相战、链长、回流、寒凝燥枯与容量竞争。,子类代码,138,是,首次用于V1.4
规则子类,M16-CONTROL,M16｜制化病,M16中用于杀无制化、制杀不及/太过、化杀不及、伤官见官、枭夺食、财坏印、比劫夺财、混杂与羊刃制化。,子类代码,139,是,首次用于V1.4
规则子类,M16-PATTERN,M16｜格局病,M16中用于格神受损/失效、格神混杂、配合神无力、忌神破格、救应不足/过度、从化专旺破格及建禄壅塞。,子类代码,140,是,首次用于V1.4
规则子类,M16-CLIMATE,M16｜调候病,M16中用于极寒、寒湿、寒燥、极热、暖燥、暖湿、极湿、极燥、调候有形无力与双轴平衡边界。,子类代码,141,是,首次用于V1.4
规则子类,M16-MED,M16｜药神选择机制,M16中用于根因择药、一药多效、主辅配伍、药神有效性、路径直接性、制杀择路、用药顺序与M17接口。,子类代码,142,是,首次用于V1.4
规则子类,M16-DOSE,M16｜药力与新病,M16中用于药神无根、受克合、药力不足、药过成病、药伤格、通关/调候冲突、多药竞争与桥梁过载。,子类代码,143,是,首次用于V1.4
规则子类,M16-RANK,M16｜病位主次排序,M16中用于共同根因、严重度、特殊格局硬约束、表层病降级、主次输出和争议降置信。,子类代码,144,是,首次用于V1.4
规则子类,M16-COMPOSITE,M16｜复合病,M16中用于旺衰流通、制化格局、调候流通同源及多病多药冲突。,子类代码,145,是,首次用于V1.4
规则子类,M16-BOUND,M16｜病药判断边界,M16中用于医学边界、原局/岁运分离、非机械计分和标准输出。,子类代码,146,是,首次用于V1.4
版本号,VER19,V1.5,版本号的标准选项：V1.5。完成M17喜忌用神矩阵核心规则。,版本号,15,是,喜忌用神矩阵规则版
规则子类,M17-GEN,M17｜用神矩阵通用规则,M17中用于五维矩阵、单维候选、多维同向、特殊格局硬约束、伤格降级、中性、待定及非机械计分。,子类代码,147,是,首次用于V1.5
规则子类,M17-FUYI,M17｜扶抑用神,M17中用于印比扶身、食伤泄秀、财星耗身、官杀制衡、身弱负荷端及中和降权。,子类代码,148,是,首次用于V1.5
规则子类,M17-GEJU,M17｜格局用神,M17中用于正官、七杀、印、财、食伤、建禄羊刃、从格、化气、专旺和救格方向。,子类代码,149,是,首次用于V1.5
规则子类,M17-TONGGUAN,M17｜通关用神,M17中用于五组克战通关、通关升级、药力不足、伤格、恶化调候及非两强不通关。,子类代码,150,是,首次用于V1.5
规则子类,M17-TIAOHOU,M17｜调候用神,M17中用于火暖寒湿、水降热润燥、木疏湿助火、金生水、土承湿、寒燥主辅及调候平衡退出。,子类代码,151,是,首次用于V1.5
规则子类,M17-BINGYAO,M17｜病药用神,M17中用于根本病主药、辅助药、药神有效性、一药多效、次病药、药量边界、药伤格及相反药候选。,子类代码,152,是,首次用于V1.5
规则子类,M17-WUXING,M17｜五行综合画像,M17中用于木火土金水各自的正向机制、通关角色、过旺转忌和弱而非关键不自动为喜。,子类代码,153,是,首次用于V1.5
规则子类,M17-RANK,M17｜喜忌定位等级,M17中用于主用、辅助、喜神、条件性喜神、中性、条件性忌神、忌神和仇神的统一定义。,子类代码,154,是,首次用于V1.5
规则子类,M17-BOUND,M17｜用神判断边界,M17中用于旺衰/缺失与喜忌分离、五行十神映射、一行多效、应用边界、静动态、事件隔离及标准输出。,子类代码,155,是,首次用于V1.5
版本号,VER20,V1.6,版本号的标准选项：V1.6。完成M18冲突裁决核心规则。,版本号,16,是,冲突裁决规则版
规则子类,M18-GEN,M18｜通用裁决原则,M18中用于硬约束资格、根本病、主路径、净伤害、证据去重、直接路径和证据接近待定。,子类代码,156,是,首次用于V1.6
规则子类,M18-SPECIAL,M18｜特殊格局硬约束,M18中用于严格特殊格局与普通扶抑、调候、通关、病药冲突，以及真从、真化、专旺顺势。,子类代码,157,是,首次用于V1.6
规则子类,M18-PATTERN,M18｜格局冲突裁决,M18中用于核心格神、失效格局、救格、格局与调候/流通/病药、配合神及多格局排序。,子类代码,158,是,首次用于V1.6
规则子类,M18-CLIMATE,M18｜调候冲突裁决,M18中用于极端/轻度调候、调候流通同源、双轴净效应、扶抑阈值、特殊格局、寒燥主辅与药量。,子类代码,159,是,首次用于V1.6
规则子类,M18-FLOW,M18｜流通冲突裁决,M18中用于主卡点、通关药力、通关与格局/调候、主次路径、先桥后终点、多通关候选和次生卡点。,子类代码,160,是,首次用于V1.6
规则子类,M18-MED,M18｜病药冲突裁决,M18中用于根本药、格局病、药伤格、更重新病、一药多效、药力、主次病、多药路线、仇神与无病不设药。,子类代码,161,是,首次用于V1.6
规则子类,M18-ROUTE,M18｜具体药路择一,M18中用于印食制杀、伤官财印、建禄泄制耗、羊刃制泄、财多身弱、枭夺食、财坏印、比劫夺财、官杀清化和寒燥火水。,子类代码,162,是,首次用于V1.6
规则子类,M18-DOSE,M18｜药量与主辅容量,M18中用于最小有效剂量、药过转忌、弱药降级、辅助反客、多药竞争、多效限量和新病严重度。,子类代码,163,是,首次用于V1.6
规则子类,M18-RANK,M18｜最终定位裁决,M18中用于主用、辅助、喜神、条件性喜神、中性、条件性忌神、忌神和仇神最终确认。,子类代码,164,是,首次用于V1.6
规则子类,M18-BOUND,M18｜裁决边界与治理,M18中用于结构化输出、非固定优先级、原局/岁运分离及不确定性转M20/M21治理。,子类代码,165,是,首次用于V1.6
版本号,VER21,V1.7,版本号的标准选项：V1.7。完成M19综合输出模板。,版本号,17,是,综合输出模板版
规则子类,M19-META,M19｜报告信息,M19中用于输入完整度、分析范围、总体置信度与待核查项。,子类代码,166,是,首次用于V1.7
规则子类,M19-BASE,M19｜基础结构输出,M19中用于日主月令、四柱映射、根气透干和原局结构总览。,子类代码,167,是,首次用于V1.7
规则子类,M19-REL,M19｜干支关系输出,M19中用于已成立关系、实际效应及未成立/待定关系。,子类代码,168,是,首次用于V1.7
规则子类,M19-ELEM,M19｜五行旺衰输出,M19中用于五行有效旺衰矩阵、排序主势与关键修正原因。,子类代码,169,是,首次用于V1.7
规则子类,M19-DM,M19｜日主状态输出,M19中用于日主七级旺衰、扶身证据、负荷证据及相邻等级排除。,子类代码,170,是,首次用于V1.7
规则子类,M19-TEN,M19｜十神功能输出,M19中用于十神总表、主要有力/受限十神及清纯混杂。,子类代码,171,是,首次用于V1.7
规则子类,M19-COMBO,M19｜十神组合输出,M19中用于成立组合、被否决组合及主导生化制化功能。,子类代码,172,是,首次用于V1.7
规则子类,M19-FLOW,M19｜五行流通输出,M19中用于主路径、主卡点、次级卡点、通关候选与副作用。,子类代码,173,是,首次用于V1.7
规则子类,M19-CLIMATE,M19｜寒暖燥湿输出,M19中用于温度、湿度、气候问题、调候有效性及跨模块冲突。,子类代码,174,是,首次用于V1.7
规则子类,M19-PATTERN,M19｜格局成败输出,M19中用于格局候选、最终格局、成格层次、破格与救应。,子类代码,175,是,首次用于V1.7
规则子类,M19-MED,M19｜病药输出,M19中用于根本病、次级病、主辅药及药力新病风险。,子类代码,176,是,首次用于V1.7
规则子类,M19-USE,M19｜喜忌用神与综合结论,M19中用于五行五维矩阵、主辅用神、喜忌仇神和下游接口。,子类代码,177,是,首次用于V1.7
版本号,VER22,V1.8,版本号的标准选项：V1.8。完成M20案例测试集。,版本号,18,是,案例测试与覆盖看板版
规则子类,M20-BASE,M20｜基础映射与根气测试,M20中用于M02/M03干支、藏干、十神、月令、根气和输入边界测试。,子类代码,178,是,首次用于V1.8
规则子类,M20-REL,M20｜关系识别测试,M20中用于M04/M05天干地支合冲刑害会破及重叠关系识别测试。,子类代码,179,是,首次用于V1.8
规则子类,M20-EFFECT,M20｜关系效应测试,M20中用于M06合绊、合化、冲动、冲根、开库、三刑和多重效应测试。,子类代码,180,是,首次用于V1.8
规则子类,M20-WANG,M20｜旺衰测试,M20中用于M07/M08/M09原始旺衰、有效旺衰和日主七级旺衰测试。,子类代码,181,是,首次用于V1.8
规则子类,M20-TEN,M20｜十神与组合测试,M20中用于M10/M11十神存在、力量、功能、清纯和组合成立测试。,子类代码,182,是,首次用于V1.8
规则子类,M20-FLOW,M20｜流通卡点测试,M20中用于M12起点桥梁终点、缺桥、承载、通关和副作用测试。,子类代码,183,是,首次用于V1.8
规则子类,M20-CLIMATE,M20｜寒暖燥湿测试,M20中用于M13温度、湿度、复合气候、调候有效性与冲突测试。,子类代码,184,是,首次用于V1.8
规则子类,M20-PATTERN,M20｜格局成败测试,M20中用于M14/M15普通格、建禄羊刃、从化专旺及成败救应测试。,子类代码,185,是,首次用于V1.8
规则子类,M20-MED,M20｜病药模型测试,M20中用于M16根本病、流通病、制化病、格局病、调候病和药力风险测试。,子类代码,186,是,首次用于V1.8
规则子类,M20-USE,M20｜用神与冲突测试,M20中用于M17/M18五维用神、硬约束、药路、剂量和最终定位测试。,子类代码,187,是,首次用于V1.8
规则子类,M20-OUTPUT,M20｜综合输出测试,M20中用于M19三层表达、空值、置信度、边界和下游接口测试。,子类代码,188,是,首次用于V1.8
规则子类,M20-INTEGRATION,M20｜综合集成案例,M20中用于M02—M19跨模块完整判定链的合成综合案例。,子类代码,189,是,首次用于V1.8
规则子类,M20-REGRESSION,M20｜历史错误回归,M20中用于三刑固定减力、冲根归零、弱即喜、候选即成格和药越多越好等历史错误回归。,子类代码,190,是,首次用于V1.8
规则子类,M20-DISPUTE,M20｜争议测试,M20中用于阴干羊刃、四季土湿燥等流派争议和M21转交测试。,子类代码,191,是,首次用于V1.8
版本号,VER23,V1.9,版本号的标准选项：V1.9。完成M21版本与争议治理闭环。,版本号,19,是,版本治理闭环版
规则子类,M21-GOV,M21｜治理原则,M21中用于分层推理、硬约束资格、证据去重、不确定性、静动态与回归治理。,子类代码,192,是,首次用于V1.9
规则子类,M21-HIST,M21｜版本历史,M21中用于V1.0—V1.9各版本新增范围、旧新版口径与生效记录。,子类代码,193,是,首次用于V1.9
规则子类,M21-REL,M21｜关系争议,M21中用于刑冲合化、三合三会、墓库和多重关系的采用口径。,子类代码,194,是,首次用于V1.9
规则子类,M21-WANG,M21｜旺衰争议,M21中用于月令、藏干比例、多根同党、根气、原始/有效旺衰和数量权重。,子类代码,195,是,首次用于V1.9
规则子类,M21-TEN,M21｜十神组合争议,M21中用于十神存在/功能、多节点、组合成立、组合与格局分层及混杂。,子类代码,196,是,首次用于V1.9
规则子类,M21-PATTERN,M21｜格局争议,M21中用于月令取格、特殊格局、真从假从、化气、专旺、建禄羊刃及阴干羊刃。,子类代码,197,是,首次用于V1.9
规则子类,M21-CLIMATE,M21｜调候争议,M21中用于冬夏基准、四季土湿燥、调候优先级与药量边界。,子类代码,198,是,首次用于V1.9
规则子类,M21-MEDUSE,M21｜病药用神争议,M21中用于根因择药、五维用神矩阵和非固定模块优先级。,子类代码,199,是,首次用于V1.9
规则子类,M21-CASE,M21｜案例转交,M21中用于交节边界、残根假从和非标准一药多效等M20未完全闭环案例。,子类代码,200,是,首次用于V1.9
